timestamp,open,high,low,close,volume
2024-01-01 00:00:00,40024.40142298088,40042.75525325515,40013.09162880718,40029.802849180676,23.963031646347268
2024-01-01 01:00:00,40020.35084174468,40021.97504344449,40012.043028604334,40021.5069911104,80.43803124507156
2024-01-01 02:00:00,40054.02894402845,40060.63855647711,40046.237400642836,40060.36830339645,40.684994894439434
2024-01-01 03:00:00,40149.28640254381,40158.83954996857,40143.53015749981,40151.750094780924,105.76780730212397
2024-01-01 04:00:00,40122.5519749619,40158.203767746745,40134.48863763686,40137.70089229753,173.34279860366166
2024-01-01 05:00:00,40125.35902453956,40132.54118398829,40111.095357585604,40123.65267488058,88.45847970362883
2024-01-01 06:00:00,40218.41508761392,40258.97131828506,40213.58805823043,40218.40544381102,32.20678501661237
2024-01-01 07:00:00,40257.91481851165,40273.89979584565,40240.66714195865,40264.451527560195,199.76141243653132
2024-01-01 08:00:00,40241.55702975155,40243.607172040865,40219.182046706665,40236.283064404095,57.54037676618266
2024-01-01 09:00:00,40276.33722812027,40278.33656941033,40256.28031501503,40268.836667019255,143.71032060402885
2024-01-01 10:00:00,40228.171126535555,40241.37106824066,40240.15079904394,40241.03160545051,54.56753580215344
2024-01-01 11:00:00,40206.98602200776,40234.17126604413,40206.389772632174,40213.08782023629,71.72275496130717
2024-01-01 12:00:00,40221.452417731954,40242.38045341751,40224.61140025421,40227.60555653025,33.62750777485418
2024-01-01 13:00:00,40105.289517041914,40115.788941994,40096.396048637966,40112.808741850786,26.702261918337303
2024-01-01 14:00:00,40015.94947063546,40010.49968202797,40002.128624749115,40009.3136719,65.2863820954652
2024-01-01 15:00:00,39974.02581103536,39984.26328179008,39962.65677645009,39975.576420145546,181.38248374168333
2024-01-01 16:00:00,39912.690434195,39922.019059768165,39882.12812031561,39914.80655292548,107.9511245730242
2024-01-01 17:00:00,39917.63049396594,39944.10391283858,39930.74639093112,39933.66139288119,108.82787030584501
2024-01-01 18:00:00,39884.2632925916,39886.94533694296,39876.969844950596,39879.17994834992,274.51922790141316
2024-01-01 19:00:00,39784.52765911098,39795.76309493024,39779.98284492397,39794.441726269804,137.34170775851976
2024-01-01 20:00:00,39882.86011344723,39914.929701226305,39878.63888821615,39882.380652405096,306.2136438431644
2024-01-01 21:00:00,39871.05308987957,39890.189313929164,39862.84565148182,39868.8340743759,87.83104870524843
2024-01-01 22:00:00,39883.77103542389,39900.6634076308,39835.50300667817,39872.88576665718,237.4387205074465
2024-01-01 23:00:00,39776.93031229142,39799.154720456354,39783.27405406055,39787.400875484374,134.0828832098306
2024-01-02 00:00:00,39730.581814766294,39764.91755793227,39749.9714986026,39754.73791201286,396.6217599480848
2024-01-02 01:00:00,39762.864063753485,39766.166830311595,39759.644589715266,39761.393267395455,36.438749323273086
2024-01-02 02:00:00,39706.737742202204,39704.050998422084,39676.2609137164,39692.333652750116,157.0330182993574
2024-01-02 03:00:00,39724.787104674375,39718.772535962366,39692.277523398,39714.875533850856,27.188630815572605
2024-01-02 04:00:00,39680.514487777924,39702.81528413717,39649.35387408358,39678.83721245573,215.01455106590296
2024-01-02 05:00:00,39657.40249798307,39673.3675143474,39652.52885840883,39661.33558746813,29.94942238064479
2024-01-02 06:00:00,39631.690171507464,39638.16654341267,39600.72434634848,39625.23319073437,69.78995337443928
2024-01-02 07:00:00,39728.58151220727,39757.61328764179,39729.99741159202,39736.3698818049,200.23435582263147
2024-01-02 08:00:00,39739.37091047548,39752.82735436892,39728.02255287869,39735.56004832063,189.362823409475
2024-01-02 09:00:00,39676.1411538566,39714.68357247555,39658.73615962999,39672.09739258327,114.24147236123396
2024-01-02 10:00:00,39729.931766569454,39733.59079962571,39700.047688657745,39721.450087309466,59.193653679345516
2024-01-02 11:00:00,39670.27674862249,39662.550016106994,39647.15941088548,39648.199468311206,258.24564743123517
2024-01-02 12:00:00,39663.87061174892,39668.48548174772,39647.79313174226,39660.73128401149,206.36423334077847
2024-01-02 13:00:00,39539.079367573046,39546.47377552299,39517.726475000956,39543.1510765787,188.42703554763952
2024-01-02 14:00:00,39463.25531914727,39463.79441790057,39451.15642767021,39463.4599136448,30.053971986687756
2024-01-02 15:00:00,39461.11898055783,39485.604870935575,39463.01199474087,39475.271587796946,290.4845730705343
2024-01-02 16:00:00,39514.02187754796,39522.6509658327,39505.268306064325,39519.57958259667,44.280668824410505
2024-01-02 17:00:00,39526.587419963165,39541.34985366028,39511.58447624499,39529.86167946807,41.989429185113835
2024-01-02 18:00:00,39518.73007534129,39547.16108433593,39489.89257365488,39522.92278252477,193.0292427334171
2024-01-02 19:00:00,39506.07539976569,39509.35127610698,39499.51518006013,39504.85656078942,133.51155023244542
2024-01-02 20:00:00,39409.56588190831,39430.13176443169,39414.5016676662,39416.14524136737,134.38115051952246
2024-01-02 21:00:00,39381.92283420228,39379.18109319814,39366.708012364965,39372.954588863686,114.68902416798919
2024-01-02 22:00:00,39345.317919125446,39355.82677178791,39345.28660993477,39345.3162626061,95.50648074168349
2024-01-02 23:00:00,39408.66919361013,39450.96341284632,39385.75049584469,39408.743596179236,104.80481220476068
2024-01-03 00:00:00,39426.737535821245,39430.92583544815,39409.185476294384,39429.360693553346,175.17467004859645
2024-01-03 01:00:00,39324.81980970245,39329.47788998166,39310.662539149096,39323.57828423158,30.064700211312037
2024-01-03 02:00:00,39349.62410851261,39354.094178650186,39322.365608347696,39343.02332239527,149.6488795134202
2024-01-03 03:00:00,39312.9813438446,39322.63715300932,39304.617837966754,39319.91838557029,161.28998062991462
2024-01-03 04:00:00,39274.03813363933,39286.207139926664,39273.85609084967,39279.30306555193,70.84288602928112
2024-01-03 05:00:00,39313.57383465217,39318.92627798643,39303.18761286557,39316.00364288238,78.69874102210593
2024-01-03 06:00:00,39367.09664684436,39393.15904402777,39372.74537659476,39377.86361423214,84.5574234586346
2024-01-03 07:00:00,39427.18635850134,39436.835847949,39411.2363022441,39433.740421379116,75.97335162083135
2024-01-03 08:00:00,39379.57760299739,39405.32030906651,39382.269726078346,39383.38736998575,29.485736258033505
2024-01-03 09:00:00,39371.829740880385,39371.5641639024,39349.450145726594,39364.834627434684,54.57872366133412
2024-01-03 10:00:00,39386.810923950914,39399.14024115498,39345.08025466151,39384.7104333189,41.961551397377846
2024-01-03 11:00:00,39444.79186023718,39446.798320496426,39434.271653620526,39443.24314094624,138.98324493255586
2024-01-03 12:00:00,39421.299870372866,39425.741190266875,39413.7527641886,39414.49268667552,32.633434869161356
2024-01-03 13:00:00,39402.25417376849,39407.542165648934,39392.51644329737,39403.35314807569,38.072299141356055
2024-01-03 14:00:00,39340.09676843476,39351.23671058064,39331.493836762274,39336.97304963533,200.36562312289766
2024-01-03 15:00:00,39264.37487816703,39269.978467262474,39229.38113660762,39265.20065219049,139.48325052444343
2024-01-03 16:00:00,39316.07510032934,39328.82765148575,39311.251135968705,39313.95220153414,125.77204462723945
2024-01-03 17:00:00,39390.664533987496,39404.81980737166,39391.23260344501,39395.32660324839,30.837175904772195
2024-01-03 18:00:00,39371.49545868736,39393.845920562955,39378.47066087827,39391.00599595357,159.72940886423243
2024-01-03 19:00:00,39450.1437365296,39455.6766339278,39434.759666952996,39451.21796982709,131.08121092566432
2024-01-03 20:00:00,39484.29811641875,39490.754618306106,39459.90832013753,39472.91613132995,24.120006628260256
2024-01-03 21:00:00,39441.61866927158,39450.018732621385,39426.748630482434,39434.208946053644,63.499880345848226
2024-01-03 22:00:00,39463.61586226088,39464.47277655865,39447.24591220731,39455.89268238415,133.70142902906807
2024-01-03 23:00:00,39558.06392214655,39558.74580290627,39525.54653684891,39548.174876372104,100.96339733703438
2024-01-04 00:00:00,39546.7345747532,39569.08908597224,39543.25075539941,39546.02531402551,94.20380240529559
2024-01-04 01:00:00,39641.48245903359,39642.07750206057,39633.1125880932,39639.90393337435,115.38723764020286
2024-01-04 02:00:00,39477.778011965485,39489.408382836875,39457.10927998557,39482.71922712896,268.6826218035198
2024-01-04 03:00:00,39529.50479454326,39533.73048424727,39520.47109535054,39532.033377391475,38.48382100203049
2024-01-04 04:00:00,39542.182370683935,39542.7029514031,39518.08091205373,39537.25620148577,29.92372940220784
2024-01-04 05:00:00,39528.94683595517,39549.42761336899,39505.88434104394,39519.315760457815,156.34296495710507
2024-01-04 06:00:00,39523.7058368445,39530.64661112446,39504.77287954522,39524.821407049945,63.086611217644005
2024-01-04 07:00:00,39401.96575805508,39410.15155883991,39385.5174118075,39405.56727217389,180.10750330072287
2024-01-04 08:00:00,39392.391182574494,39401.89187427525,39369.15736947828,39392.38695890364,103.68370734994049
2024-01-04 09:00:00,39418.62336718578,39424.28670831351,39409.01046452511,39413.813713194344,156.5780397161142
2024-01-04 10:00:00,39490.93651734977,39527.667475979426,39484.16793169356,39502.48735587884,83.46996549255863
2024-01-04 11:00:00,39453.021695157324,39500.065751042195,39469.38176707372,39471.39114278242,113.31152741507266
2024-01-04 12:00:00,39418.477231812896,39442.549039075864,39421.454851893315,39422.88152660883,195.05100710368322
2024-01-04 13:00:00,39383.01040458644,39396.140888556925,39387.78053970795,39392.776103993754,48.21623592394262
2024-01-04 14:00:00,39443.6351094747,39460.594004141036,39443.04436618522,39447.70023105588,258.1625529735092
2024-01-04 15:00:00,39466.243055084924,39468.62231989634,39444.208274290824,39467.42529763546,52.056498313010565
2024-01-04 16:00:00,39432.01369813725,39452.73301844981,39431.67586395532,39435.639685409435,72.84247926534962
2024-01-04 17:00:00,39478.05547167201,39472.24616086453,39465.83072274303,39466.43573139624,82.51622614773149
2024-01-04 18:00:00,39474.87434247394,39488.73969073479,39461.07997349595,39472.26038435712,146.0525154507161
2024-01-04 19:00:00,39532.78287866598,39551.686648098155,39528.976231342516,39530.37908378909,121.53421631551204
2024-01-04 20:00:00,39493.2335553088,39489.958107844686,39485.815342632915,39488.25589815645,32.41553478163081
2024-01-04 21:00:00,39459.48550441834,39471.919546464946,39455.52827391047,39468.596169360586,78.74847764368059
2024-01-04 22:00:00,39453.38257447202,39463.59095888333,39443.98738162033,39445.06968017266,25.027510538513177
2024-01-04 23:00:00,39356.65266899244,39372.738111916144,39346.18522482248,39357.25878328473,336.4002970334706
2024-01-05 00:00:00,39380.38984484653,39383.958363373196,39357.87591504235,39375.025999908605,158.42034197378527
2024-01-05 01:00:00,39382.11445837508,39399.53773758634,39389.37720993419,39390.6893162394,159.50884018254084
2024-01-05 02:00:00,39378.566053509814,39392.97866397261,39387.500479365,39390.996123637946,72.26555827908368
2024-01-05 03:00:00,39383.46401289963,39378.0050801162,39366.14992388116,39376.920895635434,39.97823270925765
2024-01-05 04:00:00,39295.009927321196,39314.50197903412,39283.180806538796,39291.998651112415,307.52987459964993
2024-01-05 05:00:00,39259.543519311635,39278.4424873888,39263.300769015,39266.75993174649,101.47764157557586
2024-01-05 06:00:00,39239.23975610469,39266.463154141085,39229.195745480494,39246.19706075489,77.66892958429693
2024-01-05 07:00:00,39207.06390287691,39211.35329243036,39192.81156887284,39198.06042460159,244.98704768570397
2024-01-05 08:00:00,39178.86798675868,39189.322875561535,39174.95296629674,39188.383281901624,158.88989482585202
2024-01-05 09:00:00,39225.76771693655,39216.2731851882,39196.683527915004,39212.6263333105,257.70037651071607
2024-01-05 10:00:00,39318.592521505954,39330.21112496768,39290.730071202306,39325.79748738313,24.5988602836847
2024-01-05 11:00:00,39341.37929155791,39356.620906940465,39323.360804127515,39336.27215615304,118.25191650185793
2024-01-05 12:00:00,39349.09623179042,39354.730468263326,39343.71206166079,39351.72517959641,152.81294223491946
2024-01-05 13:00:00,39352.0839240991,39350.73605603247,39336.357296077214,39347.25842465044,69.77413544950893
2024-01-05 14:00:00,39227.779239715586,39249.32260389463,39216.51783912553,39232.1321517325,135.60756094382828
2024-01-05 15:00:00,39229.23897595696,39242.20189147823,39211.56244306926,39230.54131920554,251.84781902239513
2024-01-05 16:00:00,39234.482485205175,39257.53696956946,39226.94633042559,39234.15513180201,230.82424392818024
2024-01-05 17:00:00,39373.93215890487,39404.90657969727,39368.85482404778,39381.94965855112,172.27790927053982
2024-01-05 18:00:00,39376.334595427616,39394.852632630944,39367.30323182778,39370.408000664254,126.66316376428097
2024-01-05 19:00:00,39384.3951326725,39394.090974963554,39373.03546207707,39388.50084120427,39.1698197589904
2024-01-05 20:00:00,39384.58933569924,39390.05861623934,39374.08287795852,39386.41813502196,141.6997061752362
2024-01-05 21:00:00,39308.34265776791,39344.647605332524,39303.74274744819,39316.29745276478,60.677107240191376
2024-01-05 22:00:00,39364.36815236532,39391.68874239635,39376.5873577457,39384.86682163568,47.87282033593674
2024-01-05 23:00:00,39428.45458149609,39445.57990156229,39424.82133317296,39429.98280359689,21.265485408923073
2024-01-06 00:00:00,39496.745643792376,39486.55941560007,39475.72763484249,39477.44472041947,156.83006632054457
2024-01-06 01:00:00,39429.15830743498,39424.941137618625,39420.66513452079,39422.88147313179,161.62780810404442
2024-01-06 02:00:00,39506.895048750084,39521.41600600505,39495.621761713075,39507.04913178796,70.24454939508419
2024-01-06 03:00:00,39420.834941386755,39426.05211829143,39419.782561317304,39422.93806802042,21.676787417128796
2024-01-06 04:00:00,39458.32922079093,39462.76464344945,39435.194475183125,39458.14949364844,60.01835371636343
2024-01-06 05:00:00,39593.953784118436,39606.00962202971,39577.90540940954,39589.57683119703,126.23075850391524
2024-01-06 06:00:00,39520.698149166725,39543.35596303324,39512.56749954009,39530.144651689196,125.48169854684089
2024-01-06 07:00:00,39505.08136147037,39523.1476631883,39473.695323410706,39496.166787913025,133.57889551861138
2024-01-06 08:00:00,39507.86892034181,39513.17388533973,39489.903544982866,39502.14586981828,41.85927006295089
2024-01-06 09:00:00,39477.682816376975,39496.78045435217,39450.11151149495,39471.93733057131,53.74540191008784
2024-01-06 10:00:00,39382.405330617825,39382.54344269056,39374.36811120477,39378.89752470735,52.76080976271014
2024-01-06 11:00:00,39383.16823645726,39383.04562223786,39374.8001903542,39383.01130319571,90.2025598745358
2024-01-06 12:00:00,39324.655970259875,39335.32855777559,39291.244032084694,39319.27308037214,53.74304214923305
2024-01-06 13:00:00,39352.42313928018,39366.76701253933,39347.166513102755,39347.68862621025,239.9073488427215
2024-01-06 14:00:00,39289.69084646869,39294.18536056041,39280.4901810357,39292.52317215622,203.6334963115745
2024-01-06 15:00:00,39380.9304222741,39391.3428822601,39368.31184379209,39385.51923645727,34.692318769687695
2024-01-06 16:00:00,39339.3388892792,39339.36284564494,39322.17546453074,39338.5240389171,129.02030138146293
2024-01-06 17:00:00,39331.59250915672,39324.26971086824,39310.632588333494,39319.20034794476,92.4928946526853
2024-01-06 18:00:00,39358.09852438171,39381.38093628999,39367.353948995034,39368.01138098694,214.06062680546535
2024-01-06 19:00:00,39282.41931987488,39294.222969885814,39279.822480824216,39294.159522000904,61.55752522698639
2024-01-06 20:00:00,39309.125204807046,39317.0904125475,39300.54324279819,39307.80711807715,95.60581176180094
2024-01-06 21:00:00,39386.64278494894,39410.81107931816,39385.54675090299,39386.2356833341,108.0994239345217
2024-01-06 22:00:00,39291.17342257538,39295.50633344439,39289.53816311308,39289.78668926042,193.57978442488246
2024-01-06 23:00:00,39302.816346355634,39305.539513612435,39290.61485309962,39300.86472077236,75.80911354412072
2024-01-07 00:00:00,39314.67207039019,39339.24135080362,39307.59652339461,39316.45768842727,150.1400636349111
2024-01-07 01:00:00,39375.28596824272,39402.82801278635,39360.06535476509,39363.36706073391,23.022642023537536
2024-01-07 02:00:00,39276.34278625341,39294.975654019676,39288.19528215878,39289.15001808122,95.32165014493694
2024-01-07 03:00:00,39203.29464509792,39211.344984765376,39204.34593612331,39209.922621296166,219.75701863595302
2024-01-07 04:00:00,39240.413077151985,39248.9608553569,39219.07492912938,39241.23911523318,51.65067017870909
2024-01-07 05:00:00,39245.91268513794,39262.71114868997,39255.1941827662,39259.05819562717,87.05594864748088
2024-01-07 06:00:00,39272.68093141246,39274.99382258587,39245.70489023542,39274.08776664792,76.07026582193478
2024-01-07 07:00:00,39308.166420543566,39311.79136297725,39281.61887210738,39294.87465921774,85.31553755771503
2024-01-07 08:00:00,39254.2402678294,39255.364838946916,39242.477730278995,39254.07317592303,80.53072199566033
2024-01-07 09:00:00,39269.85400499844,39279.21224702874,39254.94748117803,39268.00839775269,202.38713595427816
2024-01-07 10:00:00,39275.51142802923,39300.445239735,39274.723869469766,39285.592746150614,131.15089893012708
2024-01-07 11:00:00,39237.800769804715,39245.98862719323,39236.00437925608,39242.73166106903,66.3203090779327
2024-01-07 12:00:00,39351.67656069512,39362.5761819928,39352.30006635147,39354.67813173772,41.85178949790344
2024-01-07 13:00:00,39380.56638621838,39390.26926758532,39369.33782106784,39383.108106992426,144.31543143279674
2024-01-07 14:00:00,39321.8830475203,39321.37730044273,39310.24424528567,39311.62989716027,72.31371556585668
2024-01-07 15:00:00,39355.48464216409,39352.28563713108,39327.55378176825,39351.02311367829,111.43294857621005
2024-01-07 16:00:00,39283.65054980916,39292.73464311781,39290.390814961786,39292.54221346465,37.00504660421891
2024-01-07 17:00:00,39341.73932791666,39346.96469521971,39326.69442389788,39339.7672896892,125.3391237486951
2024-01-07 18:00:00,39413.268798417615,39413.31271072929,39390.51503738014,39409.28302442964,114.89111746790351
2024-01-07 19:00:00,39369.16327763671,39387.587482085095,39337.05431117609,39360.04208532854,22.643608702032857
2024-01-07 20:00:00,39430.48897857575,39424.33626133703,39394.15308470778,39417.8446530832,232.1757239248062
2024-01-07 21:00:00,39434.49075516476,39454.51878570655,39433.43511410682,39442.61150869939,379.13726840727696
2024-01-07 22:00:00,39485.44825820938,39496.39575948771,39474.8959006099,39491.93511829906,229.5030764327763
2024-01-07 23:00:00,39595.68207438698,39609.438448296016,39603.43273228033,39605.7426972583,106.72097898659582
2024-01-08 00:00:00,39589.14725142527,39605.81505788671,39588.59008804401,39591.019410298126,110.3844537909165
2024-01-08 01:00:00,39549.52610743224,39556.474838845555,39539.21904994422,39545.79524043667,33.631059404235764
2024-01-08 02:00:00,39500.323050791856,39515.56642293279,39479.16439180795,39492.424374659146,85.21045157318203
2024-01-08 03:00:00,39442.86814937208,39445.8852243541,39441.48830040878,39443.47575756122,171.6627126915666
2024-01-08 04:00:00,39436.29087481034,39446.1122642651,39433.12731377401,39438.849654996375,51.50034690222006
2024-01-08 05:00:00,39460.53283742336,39473.81246828167,39439.5113718343,39459.31877348537,114.09966300317994
2024-01-08 06:00:00,39469.23907823213,39478.550898283655,39470.85799032428,39475.92022144517,76.49061189497384
2024-01-08 07:00:00,39542.2675261609,39532.92380109604,39521.601599284164,39525.551216387335,154.54257710838854
2024-01-08 08:00:00,39513.47004168306,39526.470658323524,39523.97595747334,39526.33132990001,212.0117416184574
2024-01-08 09:00:00,39615.02129916062,39618.14809061975,39595.39096037824,39613.54337452945,203.39978761834948
2024-01-08 10:00:00,39613.852814289006,39624.865080012896,39573.79295901873,39597.66396453517,110.8438478064773
2024-01-08 11:00:00,39760.92851328703,39766.01729745391,39747.72340173476,39760.87411453055,50.314984256316414
2024-01-08 12:00:00,39796.893843116435,39802.589384916115,39783.951817133864,39798.414155396444,408.98165903949445
2024-01-08 13:00:00,39744.12513862899,39754.62290245046,39742.403031474845,39746.98470201147,55.65920285698659
2024-01-08 14:00:00,39681.2880186737,39695.42654792611,39656.79340878525,39682.7311521278,20.219451061292048
2024-01-08 15:00:00,39722.662284839804,39720.453111843664,39682.38573630505,39711.679497042394,36.79785155856244
2024-01-08 16:00:00,39680.57683463221,39705.45310849567,39697.35526730276,39698.271729922846,26.467681643984765
2024-01-08 17:00:00,39753.37922917874,39746.503896531576,39729.879762628065,39741.11175956837,179.15145943389885
2024-01-08 18:00:00,39758.11435982318,39804.7421538433,39763.25399342553,39769.50601704278,86.88902682214227
2024-01-08 19:00:00,39763.00306364949,39775.87693382751,39747.62947046332,39765.13628228337,95.86595768382203
2024-01-08 20:00:00,39710.89470383688,39720.5780387835,39713.98290085798,39714.328659199266,101.8806538471591
2024-01-08 21:00:00,39628.14625187628,39624.384670914784,39604.259198199026,39623.437825718116,133.5892404288064
2024-01-08 22:00:00,39583.86193377902,39602.583911324735,39580.40192951634,39596.64692859409,92.48619739059478
2024-01-08 23:00:00,39651.72823758215,39651.98411843282,39631.88513844247,39648.0308562535,69.2035293846693
2024-01-09 00:00:00,39677.07095788761,39680.137917810534,39650.769629316426,39660.876480901316,28.50042174993083
2024-01-09 01:00:00,39575.22676214185,39622.528035236624,39571.7690967294,39586.132154178595,30.934984070405225
2024-01-09 02:00:00,39598.040659070546,39632.3269577826,39555.83382127251,39596.523009729666,32.92393389279422
2024-01-09 03:00:00,39614.34619509102,39627.080225093545,39617.40021711592,39619.642052513394,139.78611871660758
2024-01-09 04:00:00,39570.01770399087,39583.07010915448,39545.14813831695,39566.610606341324,97.2402503626989
2024-01-09 05:00:00,39575.98729491739,39599.31883317215,39568.685805676556,39575.83411269806,269.2812127483944
2024-01-09 06:00:00,39574.19474053247,39624.44112090023,39574.84433446938,39579.32663580482,284.77627758616063
2024-01-09 07:00:00,39514.65139621394,39519.31610902827,39505.37475226636,39510.74841793498,29.557949913671
2024-01-09 08:00:00,39546.65044443417,39535.87051791142,39523.93174077419,39532.21565955588,480.39866581512433
2024-01-09 09:00:00,39564.335500804154,39582.215857239964,39549.40557639354,39565.862731137975,168.41989593527197
2024-01-09 10:00:00,39636.60386926567,39645.6288997393,39596.467136726205,39630.84580572849,84.84516067844653
2024-01-09 11:00:00,39683.72774518761,39708.6200846451,39666.06199878816,39694.07392885058,116.17807061972081
2024-01-09 12:00:00,39603.762275758614,39613.07179653527,39593.98277946931,39611.413766773156,67.81343299872401
2024-01-09 13:00:00,39558.923514601294,39564.538993521,39531.4125131087,39555.14426437825,73.59716561775278
2024-01-09 14:00:00,39597.91930863906,39593.4573391954,39580.054398053675,39586.04638041077,93.47237721264712
2024-01-09 15:00:00,39619.718444255785,39659.69293740907,39614.935725365525,39616.8735374655,207.13229349514705
2024-01-09 16:00:00,39645.27193439968,39660.62917662078,39646.82728924541,39647.776398643866,149.3264894949922
2024-01-09 17:00:00,39878.93461932654,39895.83109749681,39869.04405846434,39878.94028808315,61.17902650368999
2024-01-09 18:00:00,39903.19045685298,39917.038828900324,39898.43593357065,39913.19371872474,94.75328364959698
2024-01-09 19:00:00,39986.16377974642,39989.39837351293,39979.439359176926,39981.327657135575,96.98499739232143
2024-01-09 20:00:00,40045.626427443756,40050.5354196436,40031.41949159688,40038.56776294517,114.44435347199588
2024-01-09 21:00:00,40074.03451536085,40105.54128959841,40058.08239636651,40077.651238023514,137.39187791194882
2024-01-09 22:00:00,40054.97474616302,40059.41745549005,40045.331158139306,40058.73508334509,80.79618005455032
2024-01-09 23:00:00,40106.40026241191,40112.64828292287,40079.65253484066,40104.27323657469,48.784730274167
2024-01-10 00:00:00,40054.40996581411,40085.75343525087,40057.720370476214,40057.90372370244,198.25728431270596
2024-01-10 01:00:00,40043.16554638103,40050.92109686444,40025.74462341377,40043.694607298035,265.69246229249006
2024-01-10 02:00:00,40031.37056874162,40019.43967349358,40010.58938674051,40014.57279442829,46.48745083500398
2024-01-10 03:00:00,40017.5090371855,40046.543184679904,39998.93371498731,40019.48524279147,179.92141292302443
2024-01-10 04:00:00,40155.498035575714,40194.24409985658,40140.37526319806,40158.36475679188,218.26912128241878
2024-01-10 05:00:00,40041.14851079129,40059.000460873096,40045.84469182483,40046.32884523637,136.03479744137798
2024-01-10 06:00:00,40093.45799243085,40087.58786106357,40086.1981857667,40087.50445665885,85.35494893992063
2024-01-10 07:00:00,39989.29171100172,40008.419194734444,39962.54338614615,39990.741504387464,73.93202191367146
2024-01-10 08:00:00,39957.23060813353,39983.026635774644,39954.61425063472,39962.4255924401,130.5231007677192
2024-01-10 09:00:00,40038.33306051632,40035.56116035107,40022.84553135999,40027.76262825814,77.56626761193633
2024-01-10 10:00:00,40042.97625343997,40059.65169701202,40010.22915764706,40031.619429403865,71.9165019600234
2024-01-10 11:00:00,39962.1513542022,39973.250326853464,39961.04664445564,39966.95474272811,282.2876740067089
2024-01-10 12:00:00,39909.10420056163,39928.18524275638,39911.59666358377,39924.036520172514,49.58852651114892
2024-01-10 13:00:00,39972.872494627285,39964.94072632096,39955.33761224089,39964.81238510859,108.21585356649095
2024-01-10 14:00:00,39915.51334859949,39944.55360906245,39916.622345878495,39920.990387205566,20.7657849155978
2024-01-10 15:00:00,39940.302907373785,39954.31149661614,39928.52430315676,39933.97790258048,241.79102360940982
2024-01-10 16:00:00,39920.95138243302,39945.87507757179,39933.95172698673,39936.712212974715,265.3554804561522
2024-01-10 17:00:00,39904.756970824754,39905.1834409641,39860.29886125492,39897.61619211836,89.47810639278858
2024-01-10 18:00:00,40016.56346204364,40049.698352076455,40022.926116422146,40026.252837477885,146.73215020039868
2024-01-10 19:00:00,40070.1340917695,40081.979873784585,40049.74743928084,40064.28797881697,114.59499879632044
2024-01-10 20:00:00,39942.89360816019,39964.305734605834,39933.30838528401,39942.7794236175,129.68925970688403
2024-01-10 21:00:00,39946.3351671485,39959.17621683804,39953.17878698044,39953.96668250367,138.44554147235783
2024-01-10 22:00:00,39911.00320411415,39936.058626758204,39902.92023401719,39914.25949461757,213.90469881467763
2024-01-10 23:00:00,39970.896042361,39966.57895459122,39959.99886956095,39965.405494705345,135.78719602236612
2024-01-11 00:00:00,39918.7014060243,39945.48271699375,39914.60640243634,39917.85425039938,45.53892784039625
2024-01-11 01:00:00,39915.64536775515,39924.35107790734,39896.88144080114,39910.970063911365,21.242274788928402
2024-01-11 02:00:00,39957.08082532632,39950.11768541653,39921.28102863522,39941.269300650194,40.86485843775036
2024-01-11 03:00:00,39980.70067940671,40003.69494450316,39979.28063209741,39993.2146123004,180.6310565954728
2024-01-11 04:00:00,39934.13452847681,39921.574990890156,39912.12322641814,39921.19682787706,104.61326241991526
2024-01-11 05:00:00,39901.96160122678,39924.27352714574,39893.65992908533,39901.126753726596,181.95263068543136
2024-01-11 06:00:00,39865.43976267036,39875.0944565375,39864.56885501464,39872.63003505694,22.399458344770313
2024-01-11 07:00:00,39822.787772096606,39866.37362823481,39823.79576257735,39833.43028110252,67.97920811438317
2024-01-11 08:00:00,39937.844572393165,39946.752332397096,39913.943697079456,39939.35753551938,425.2859502899175
2024-01-11 09:00:00,39971.02963907244,39964.519204472126,39948.557340061554,39963.656438177044,101.180897172797
2024-01-11 10:00:00,39886.98300795392,39904.133551946295,39879.45791647305,39888.00340091694,69.12086902623491
2024-01-11 11:00:00,39955.164357182206,39946.235144718274,39937.70769873861,39943.07511774023,146.7333883024504
2024-01-11 12:00:00,40058.79508404057,40073.547503014925,40030.83626327708,40070.404489560984,245.63460926825417
2024-01-11 13:00:00,40132.25569361129,40148.726782776444,40127.82430448324,40132.352405194055,143.02629028849196
2024-01-11 14:00:00,40031.1710596815,40044.69792762365,40035.3953701051,40041.19020723681,33.79301261109581
2024-01-11 15:00:00,40015.045217925835,40027.66781411109,39979.0567472735,40012.13616286484,191.27943819137232
2024-01-11 16:00:00,40095.24593093681,40100.69176409754,40067.304369806836,40088.150831816034,154.60269708655028
2024-01-11 17:00:00,40042.32456952946,40067.05810119761,40025.51251881678,40045.69066387891,47.49137979756553
2024-01-11 18:00:00,40051.48611871466,40073.695419929856,40057.268246015185,40072.31982956768,58.78011988429816
2024-01-11 19:00:00,40120.38945794781,40132.114415446515,40113.82758828712,40118.79787277344,52.257482769458505
2024-01-11 20:00:00,40066.67595289262,40078.146525632554,40041.93586760325,40063.18204447875,82.23655969814911
2024-01-11 21:00:00,40062.84488115474,40063.912436651124,40048.01192331506,40059.61052311505,226.20367949166507
2024-01-11 22:00:00,39875.02074024548,39876.527206023195,39862.7669200633,39865.134482710906,42.7028217530096
2024-01-11 23:00:00,39795.10279479365,39808.047603714724,39799.04684327626,39803.67122423084,30.360542989607225
2024-01-12 00:00:00,39793.958863990854,39789.4145273002,39779.51134975419,39788.51713514725,285.8986910024802
2024-01-12 01:00:00,39723.19020432919,39721.05354729438,39711.55533888589,39713.65014422937,43.45218158273166
2024-01-12 02:00:00,39797.36612179321,39815.95827832911,39810.49477129359,39811.59482246526,120.37809655579292
2024-01-12 03:00:00,39728.34355439498,39755.719316494404,39711.25479135241,39725.78633978763,148.12670924462543
2024-01-12 04:00:00,39695.350231937744,39716.20232668722,39684.87599874922,39699.383670585805,110.08644013913754
2024-01-12 05:00:00,39706.57592383816,39721.169254994835,39699.81844448989,39707.228105222974,115.12532212803977
2024-01-12 06:00:00,39796.485914435245,39795.68655140046,39788.269289203745,39793.704502566936,197.1988668221664
2024-01-12 07:00:00,39703.65494498327,39715.40874303774,39696.42543908032,39707.55277349617,146.9361209050302
2024-01-12 08:00:00,39771.936933992176,39797.72120885433,39775.96307163242,39777.342598625466,83.85726682077225
2024-01-12 09:00:00,39778.22980162655,39794.15262710578,39761.727866755944,39777.95658228664,66.62818645894436
2024-01-12 10:00:00,39710.36809571287,39749.3930428232,39713.01674634511,39719.06606322377,154.8654086150713
2024-01-12 11:00:00,39738.10567064848,39748.311482460085,39745.5243669228,39746.792271679566,65.36555125134598
2024-01-12 12:00:00,39764.17083967762,39767.71241712269,39745.082616659,39758.73585341397,315.1846382035256
2024-01-12 13:00:00,39713.53248850317,39737.221659149225,39719.969918202085,39722.722840784445,113.77966873527583
2024-01-12 14:00:00,39732.241465891115,39727.93281726136,39708.77298521525,39726.91096588384,123.7142314328643
2024-01-12 15:00:00,39707.492880414975,39709.25170953493,39702.94102482269,39703.79215007214,156.27447025897712
2024-01-12 16:00:00,39696.796736956894,39742.00115977036,39708.90135018637,39710.60319078722,58.001545512109935
2024-01-12 17:00:00,39744.910514039795,39773.00928255193,39747.543466824936,39750.33103125848,184.9381977713071
2024-01-12 18:00:00,39855.04491545157,39862.8827558767,39831.69396748788,39845.4920402272,116.80116825972354
2024-01-12 19:00:00,39763.37378604847,39785.81963371281,39755.939261696236,39771.223110297586,373.176987856608
2024-01-12 20:00:00,39895.48987867849,39910.89150386762,39890.291949691244,39899.20511277697,140.4895559546033
2024-01-12 21:00:00,39785.77633195163,39785.12838412441,39772.83769293488,39782.079844805616,133.32622674024677
2024-01-12 22:00:00,39779.23986317774,39779.83723784354,39757.36975843914,39772.972739103476,38.198872657402106
2024-01-12 23:00:00,39806.259460404195,39811.057100198836,39797.789536438344,39808.27177149255,142.85071372494207
2024-01-13 00:00:00,39820.351201999125,39847.768248757726,39803.39898193159,39825.13128355666,96.03074185925752
2024-01-13 01:00:00,39799.14827126101,39796.85340585689,39783.043083448785,39787.76931236742,248.74839441072567
2024-01-13 02:00:00,39789.193174656364,39782.91110294449,39771.66051887511,39775.281977345985,30.604794503167522
2024-01-13 03:00:00,39753.53278567271,39752.15656106577,39723.700182912966,39745.70192126645,285.2827671218917
2024-01-13 04:00:00,39711.02258099032,39732.60088582367,39702.75666805158,39710.340035849804,116.59200688787908
2024-01-13 05:00:00,39754.850035897936,39764.44318482917,39754.772626099046,39761.316161671064,282.8500401426108
2024-01-13 06:00:00,39776.09353557652,39800.836213151924,39764.873343239364,39782.73709082897,125.88765077479762
2024-01-13 07:00:00,39745.342627955455,39764.07003296217,39730.98159407413,39741.16251511333,143.297521202323
2024-01-13 08:00:00,39798.48569340643,39810.96484816197,39781.20146253167,39795.13850763932,256.88944252940286
2024-01-13 09:00:00,39824.78926763549,39815.47049493543,39796.5661761029,39813.57647889192,65.27159112106716
2024-01-13 10:00:00,39867.55180676254,39877.11802779496,39857.14663237075,39862.34820602225,42.46727858082563
2024-01-13 11:00:00,39888.10129412359,39912.013788244396,39891.339045685934,39900.12593653767,143.91890199464146
2024-01-13 12:00:00,39858.80181682413,39856.74021460827,39847.06224046657,39850.386235882346,194.46082845462618
2024-01-13 13:00:00,39808.79088845201,39837.25963453338,39795.16064895265,39816.775373470526,77.59575712546507
2024-01-13 14:00:00,39858.5412196023,39876.22481747117,39847.23074518091,39861.612989777925,106.58828988080352
2024-01-13 15:00:00,39900.23680735395,39908.786624455744,39881.319911286184,39898.23520570393,36.662723891705625
2024-01-13 16:00:00,39912.94644998435,39916.591656799545,39867.77097295397,39896.98111006608,119.77986403179945
2024-01-13 17:00:00,39928.90010151265,39927.98883508203,39889.34388597961,39904.02075306461,115.7709258393874
2024-01-13 18:00:00,39985.53443128501,39990.13102150492,39968.52271736459,39980.68064681192,190.9001120225119
2024-01-13 19:00:00,39943.720790532,39956.16569601941,39932.331730427024,39945.186363481764,249.3927280475986
2024-01-13 20:00:00,39982.28825153981,39980.96603347192,39976.98550896197,39978.01220635197,96.93979152762205
2024-01-13 21:00:00,39972.98189061293,39972.849363377674,39965.44901374472,39965.88064720594,51.807799626629524
2024-01-13 22:00:00,39950.254434007846,39953.48515697503,39950.04331027098,39952.8197750123,128.31852319853837
2024-01-13 23:00:00,40033.10807697883,40044.93199762443,40000.564448068035,40018.746386131534,343.7994603124505
2024-01-14 00:00:00,40070.11193314435,40075.691951877445,40049.677546882944,40068.27136707082,49.04848043455608
2024-01-14 01:00:00,40121.06388994358,40122.8334707019,40107.964340149825,40117.08194523085,122.11700968178779
2024-01-14 02:00:00,40200.738067676546,40201.550300771545,40178.89072118677,40195.41067366011,123.67082599549352
2024-01-14 03:00:00,40200.04359704299,40211.75977183502,40185.92580294997,40196.670904158076,112.29629351720396
2024-01-14 04:00:00,40244.299606439534,40254.50052392007,40202.71759872092,40237.588082435774,42.52724282958607
2024-01-14 05:00:00,40214.034051547795,40235.89071193897,40211.0378755993,40218.97207704017,120.87280553400598
2024-01-14 06:00:00,40233.95564415791,40240.739463173406,40224.062485850576,40238.42205818948,119.03503529970374
2024-01-14 07:00:00,40221.81224106364,40235.661763775584,40229.02211539729,40230.61347492741,79.15019299391028
2024-01-14 08:00:00,40239.949242671944,40236.73133735751,40217.93214168169,40236.43323282698,261.2259985479276
2024-01-14 09:00:00,40278.37414638129,40273.751625840356,40272.02731941737,40272.14265435319,178.87413010634754
2024-01-14 10:00:00,40226.7115962884,40241.35365680545,40217.231276631246,40223.049413359186,236.91569668048228
2024-01-14 11:00:00,40361.988589367094,40364.74283681237,40329.001566842235,40348.59264990031,216.97143532667775
2024-01-14 12:00:00,40288.18683885969,40299.66939559753,40280.858177925045,40288.231607010326,27.8946378378755
2024-01-14 13:00:00,40220.73022348781,40230.92483362416,40194.189403859564,40215.38029024307,219.5517736627805
2024-01-14 14:00:00,40276.13333564396,40293.799966680825,40277.11423940546,40284.86694265307,39.20893839299657
2024-01-14 15:00:00,40329.269906671056,40345.874700450826,40323.08121009202,40332.36670429085,49.20923630814895
2024-01-14 16:00:00,40375.378195374506,40395.30543305911,40348.93331204017,40369.81389331398,26.781277815866765
2024-01-14 17:00:00,40414.30744075577,40413.541549273956,40405.84768324038,40407.51462386983,34.99059143882785
2024-01-14 18:00:00,40404.4280819177,40417.00025239764,40387.0068614905,40406.77981749902,45.823558827221646
2024-01-14 19:00:00,40352.371761195005,40370.24993942997,40332.571931387705,40352.94455520987,157.20777285794634
2024-01-14 20:00:00,40345.34983872805,40368.81382817251,40350.843876729225,40357.49282870149,38.01627847474437
2024-01-14 21:00:00,40314.006892404315,40319.85448580057,40312.53449925345,40316.863126010765,105.49781173205655
2024-01-14 22:00:00,40382.49337532399,40382.46588424823,40373.65191860374,40375.37031001583,143.7656630332797
2024-01-14 23:00:00,40371.148507254555,40376.23044820623,40365.28545130195,40366.546867125704,66.58229547856801
2024-01-15 00:00:00,40321.0223610892,40341.93328655166,40306.65337095727,40317.01703531815,136.43255910898864
2024-01-15 01:00:00,40298.13207431642,40305.28266579021,40291.06178224641,40297.73388481897,182.34390667568465
2024-01-15 02:00:00,40322.56627734454,40353.4608193627,40320.42434177121,40322.50977207551,37.85367617687662
2024-01-15 03:00:00,40283.403729791484,40293.44655629091,40288.009455552405,40288.68629890727,40.550756578992136
2024-01-15 04:00:00,40244.9437025349,40253.470803169585,40225.46472661492,40239.35307517328,30.486971470414606
2024-01-15 05:00:00,40257.342091417915,40256.8527739009,40252.26930752658,40253.9743078628,21.926484709830344
2024-01-15 06:00:00,40272.608452913264,40297.89744180117,40266.517409180866,40268.67230212932,330.0288392199881
2024-01-15 07:00:00,40234.047432865715,40253.63234889578,40235.779503132006,40238.25571160705,179.62715067696055
2024-01-15 08:00:00,40192.76666991098,40219.80188909484,40209.517021421234,40209.99341326996,258.79355237853497
2024-01-15 09:00:00,40232.69363120544,40224.32611020918,40222.78130640221,40223.91640951141,59.88522002235316
2024-01-15 10:00:00,40133.2006493735,40137.741909559736,40130.54692133496,40137.03134902157,65.17070655058343
2024-01-15 11:00:00,40045.68131644664,40076.316174009175,40033.492801549415,40052.58352255898,57.92814436759414
2024-01-15 12:00:00,40015.024700579146,40023.5828530311,39991.934659845785,40009.47686928383,90.06596267408014
2024-01-15 13:00:00,39993.533939061774,40005.081453785824,39985.85548855408,39996.670040181125,174.0925634214677
2024-01-15 14:00:00,40023.80398518938,40045.86780165984,39973.62503975365,40015.324494117005,200.86709844607262
2024-01-15 15:00:00,40108.78191473059,40104.55826915775,40088.275996809134,40103.845867133976,86.80614774285955
2024-01-15 16:00:00,40160.773999111705,40159.0415221959,40134.999124405454,40155.3054445261,71.45135106569165
2024-01-15 17:00:00,40134.78148703869,40170.80254124796,40134.691981553275,40145.70913272829,112.45563148246718
2024-01-15 18:00:00,40154.263712137225,40150.63135323329,40113.41136244752,40144.56816025413,283.2139460346063
2024-01-15 19:00:00,40086.50640262573,40095.15448954623,40080.88728972628,40084.41639837586,134.68447653366405
2024-01-15 20:00:00,40080.35139310235,40086.71112739929,40051.11823634017,40083.30561021632,26.814631506353255
2024-01-15 21:00:00,40067.13319961985,40070.84711450925,40042.81205304881,40065.98609188111,126.8522903531194
2024-01-15 22:00:00,40071.13932363821,40094.22083777767,40055.61973821531,40085.34920550139,87.7147823262823
2024-01-15 23:00:00,40038.9845713801,40045.918654295405,40013.22763085889,40035.715348888254,91.12433875485279
2024-01-16 00:00:00,40058.64116767727,40071.48719328852,40053.40074621752,40066.87613974273,98.62803542165128
2024-01-16 01:00:00,40148.019112236136,40171.209658279404,40141.968823723095,40158.84047452288,50.83969347029966
2024-01-16 02:00:00,40140.135992125724,40156.46387709813,40144.62603366079,40152.314865615466,178.83794850106148
2024-01-16 03:00:00,40185.31907594133,40194.349778703785,40166.16938288139,40176.417568941404,72.30817629085196
2024-01-16 04:00:00,40212.79210129453,40226.77564432325,40196.97237853139,40217.82620844407,125.30570641417047
2024-01-16 05:00:00,40206.02280181025,40225.22207021791,40166.94278391447,40193.75298013092,62.19948259688708
2024-01-16 06:00:00,40202.91211733513,40215.08299304933,40203.50349982185,40207.198529039546,88.23735392153246
2024-01-16 07:00:00,40194.29520942571,40208.44017828655,40173.4319973214,40207.954073086454,65.95060520687156
2024-01-16 08:00:00,40204.88244347979,40223.90192293948,40201.50145516324,40213.814638999385,215.17168815306312
2024-01-16 09:00:00,40177.32054492811,40170.783114506856,40161.03198904403,40167.434051968055,48.3251676589244
2024-01-16 10:00:00,40167.6574770001,40195.03798781312,40165.02058047492,40168.90466242359,66.32273574448377
2024-01-16 11:00:00,40194.398261526396,40206.97518688057,40195.966668883186,40198.78455989832,129.89060493602727
2024-01-16 12:00:00,40287.13332217284,40302.23499437125,40269.06975739706,40285.85317636602,49.95313498516542
2024-01-16 13:00:00,40347.423687820476,40345.43950114952,40324.29299953082,40343.40942593114,312.88448177301007
2024-01-16 14:00:00,40481.53956390905,40487.517084014464,40470.02526857296,40472.60037338183,42.11468021992543
2024-01-16 15:00:00,40438.14751344769,40436.24961241527,40410.08224646777,40426.55951960855,44.700783190561275
2024-01-16 16:00:00,40476.02060864548,40514.47364822467,40473.53383731232,40478.89875781179,183.7365024340737
2024-01-16 17:00:00,40479.29089666743,40520.530322950006,40488.93168856315,40489.89927815609,131.3919006387195
2024-01-16 18:00:00,40617.97973286016,40625.71665325846,40607.6892917925,40621.28745414915,117.15890361778895
2024-01-16 19:00:00,40574.8718010805,40584.43704413524,40571.705776304276,40572.78955702784,47.68540988899551
2024-01-16 20:00:00,40514.69617508731,40524.76316528185,40491.53907884052,40522.40624649699,32.2146000448793
2024-01-16 21:00:00,40478.78548045119,40489.08553510789,40464.866520268435,40486.44268777035,56.761704071842715
2024-01-16 22:00:00,40361.75924736416,40369.01167506604,40351.28138082538,40359.00894431176,31.115310553870827
2024-01-16 23:00:00,40327.074424198356,40330.432393021045,40325.565859556606,40327.46364301092,169.14350754299775
2024-01-17 00:00:00,40282.17805928099,40291.027767632004,40275.32389296083,40281.9156833177,34.81150180443785
2024-01-17 01:00:00,40284.871347828666,40297.004740396624,40271.91990319973,40290.93931050627,194.98557365825005
2024-01-17 02:00:00,40309.601463339255,40321.73885608923,40311.07869054436,40311.4446690529,215.61559578492924
2024-01-17 03:00:00,40416.62105425171,40445.50498875195,40402.68147466326,40424.014919405854,64.44083207946149
2024-01-17 04:00:00,40488.16193698601,40483.22789675025,40468.40264125019,40481.04034969702,90.71044769540812
2024-01-17 05:00:00,40454.70812503506,40455.205621905014,40435.10174886514,40446.42613035727,170.40820619540222
2024-01-17 06:00:00,40377.75174717846,40400.244504017515,40363.39337018567,40392.52125007637,67.50970651496544
2024-01-17 07:00:00,40414.600313485214,40434.33527915629,40421.97933836169,40422.03640036676,34.060640596925055
2024-01-17 08:00:00,40330.8501739048,40347.68751109574,40318.970280485315,40342.82240794552,208.89761432388906
2024-01-17 09:00:00,40447.50974242153,40460.70081637004,40442.740167434255,40452.70993389678,61.50887368001934
2024-01-17 10:00:00,40522.80883738173,40536.07129910652,40509.934207235616,40523.476341140056,120.48569476189603
2024-01-17 11:00:00,40483.72864025619,40515.6885651114,40483.186831540144,40495.32580201377,127.49554618831142
2024-01-17 12:00:00,40385.16285176332,40406.04780100601,40390.78527765574,40392.53773026833,131.03382712601976
2024-01-17 13:00:00,40465.738413741594,40488.2330737896,40454.486207706905,40473.770072718246,40.23816411322346
2024-01-17 14:00:00,40468.555820638285,40483.098522890185,40453.69669255873,40466.897682003095,101.162845720989
2024-01-17 15:00:00,40541.72141541779,40555.308488433606,40519.65957336257,40541.1666607215,24.522454489068547
2024-01-17 16:00:00,40439.72710076714,40452.81057974951,40440.54929433677,40445.501001193836,48.063812121109635
2024-01-17 17:00:00,40410.95306679373,40425.617447794786,40397.32833977724,40409.53849981661,159.79890590767076
2024-01-17 18:00:00,40405.479681123004,40423.04236353588,40404.367965561745,40409.8531217997,95.03820008258036
2024-01-17 19:00:00,40410.49871654298,40417.9008842235,40405.10789620501,40412.671957425584,40.312932599914966
2024-01-17 20:00:00,40399.05564585922,40387.54564556258,40377.84628815094,40385.66802913683,182.28350551113806
2024-01-17 21:00:00,40433.762713492004,40435.74225663596,40402.98448897435,40423.03902507768,303.7826447349815
2024-01-17 22:00:00,40348.585149419305,40360.71016280301,40357.74799381965,40358.98179931472,266.2487973706322
2024-01-17 23:00:00,40357.07688955648,40356.2131735396,40345.842267269,40350.43903021345,224.71509138688822
2024-01-18 00:00:00,40364.147940552095,40365.77039589458,40351.0907082801,40357.65676811616,95.25113897267552
2024-01-18 01:00:00,40379.33699184967,40401.66563566756,40385.793249920345,40388.52309815969,24.910104223408286
2024-01-18 02:00:00,40437.77021199506,40441.245168767724,40424.62770012489,40431.21999084502,37.57768048737937
2024-01-18 03:00:00,40376.04492068205,40364.65760040504,40362.266817622934,40363.74146533475,140.76932480318658
2024-01-18 04:00:00,40262.714256640655,40287.57122459523,40244.63835782922,40271.69461509061,146.94039423322812
2024-01-18 05:00:00,40341.01520183641,40385.82613966691,40343.38316095956,40348.35522440452,51.292018097967585
2024-01-18 06:00:00,40376.43535685805,40371.300959594504,40362.82564296297,40368.2940651233,89.38545178637047
2024-01-18 07:00:00,40325.55683541651,40332.518453273726,40313.18227078469,40323.384872929906,55.416917520489996
2024-01-18 08:00:00,40420.86580166317,40420.38499359755,40397.18818592017,40416.453991461254,27.77267117574518
2024-01-18 09:00:00,40426.119183250026,40452.637895285145,40401.25628226127,40423.394469518826,31.152278321957343
2024-01-18 10:00:00,40497.27786793008,40499.4150420138,40486.78061789924,40494.15230056266,85.99097989572148
2024-01-18 11:00:00,40487.59163242077,40531.47862584803,40494.76719398344,40498.20340944726,81.20767401152989
2024-01-18 12:00:00,40630.226826593156,40642.393801554994,40604.79279169297,40621.848284940184,54.472701683291234
2024-01-18 13:00:00,40736.5254554262,40743.45955421855,40714.841513060455,40727.168735486775,133.24586069072532
2024-01-18 14:00:00,40710.395760625484,40731.06194071993,40692.69203062623,40712.23088657803,91.79352010374173
2024-01-18 15:00:00,40770.17732803678,40784.71318829055,40768.460214522274,40770.52514363529,124.25210534874917
2024-01-18 16:00:00,40796.99884058996,40822.75655589844,40800.98889460539,40809.2477006104,93.61521988062044
2024-01-18 17:00:00,40895.47963211049,40908.35736833136,40883.72025559397,40891.36559406234,23.900467166922727
2024-01-18 18:00:00,40838.04664596124,40838.725739673326,40821.25421361584,40833.470186427534,119.65977607831424
2024-01-18 19:00:00,40874.13574589145,40887.29813458519,40852.12062857324,40874.633274027445,128.6956656045377
2024-01-18 20:00:00,40947.13357011738,40939.67601287079,40917.84673521496,40938.138743238414,233.5326710508117
2024-01-18 21:00:00,40829.94175620519,40839.85678791514,40825.61576298499,40832.61437405303,83.96048981916012
2024-01-18 22:00:00,40766.13571070023,40788.33623951007,40752.18880958762,40761.618863293086,111.96231311180192
2024-01-18 23:00:00,40631.107617917936,40672.72195291434,40599.99293464709,40639.26493262748,29.45460800963599
2024-01-19 00:00:00,40622.91210535381,40626.50078628822,40600.87681098753,40623.1005225608,96.42142571244675
2024-01-19 01:00:00,40664.75822384534,40674.57642410352,40646.06101128419,40666.15305790856,108.9220341603739
2024-01-19 02:00:00,40758.09694441065,40764.590828288034,40754.26662591952,40756.294481034325,54.578031490701946
2024-01-19 03:00:00,40757.78395242884,40771.17812544592,40755.84666229289,40760.74016785951,38.05693985286812
2024-01-19 04:00:00,40857.40531982842,40876.058734743274,40838.277068282565,40858.45710059379,38.91614701291327
2024-01-19 05:00:00,40782.25939047242,40779.739183921316,40771.433552463925,40775.65101310089,43.39461108946248
2024-01-19 06:00:00,40669.95395284168,40678.55704734323,40665.86800952487,40673.448066739584,22.895493254596808
2024-01-19 07:00:00,40657.262587999874,40677.61735030249,40662.19761455705,40670.115204805785,81.27208284923762
2024-01-19 08:00:00,40707.155802975794,40713.513165287644,40664.66407752926,40693.15913174215,115.47861605909691
2024-01-19 09:00:00,40702.24907948603,40694.54474267772,40689.27349464924,40691.1974468565,187.93015119846598
2024-01-19 10:00:00,40556.81281929326,40575.429210431445,40546.400809199535,40567.15092085411,48.38448600422422
2024-01-19 11:00:00,40567.3213809253,40572.0071716096,40548.27778802624,40561.80371848334,177.3858965478418
2024-01-19 12:00:00,40479.51175028864,40512.58683899059,40471.77335220775,40483.53554845305,42.56880283901276
2024-01-19 13:00:00,40525.8237991055,40535.136230429984,40510.24549298798,40523.71590138285,122.1416578936982
2024-01-19 14:00:00,40548.06558918078,40558.88574494102,40534.22111811266,40545.711796148666,99.840144141065
2024-01-19 15:00:00,40487.44374656649,40490.81731328516,40482.400003211544,40489.31900896902,285.1526691250853
2024-01-19 16:00:00,40452.216868604126,40465.69816262534,40424.695093007846,40458.48699392882,114.38865098694201
2024-01-19 17:00:00,40389.40985419696,40417.38483872717,40389.89466001387,40394.934182615485,59.884679986878176
2024-01-19 18:00:00,40383.84390145524,40398.59791898461,40387.08076858399,40391.17343677909,230.6606706445553
2024-01-19 19:00:00,40441.82739834332,40455.9455634838,40433.929349770646,40448.48197600916,74.46862753296166
2024-01-19 20:00:00,40388.80098690864,40406.58349351221,40372.86227495959,40389.33841322903,126.28565597596278
2024-01-19 21:00:00,40413.85512424722,40424.02985823806,40410.29435993635,40419.5812041601,94.98015421213789
2024-01-19 22:00:00,40393.22216358346,40406.78051972557,40365.16786818717,40387.765747057754,152.15437878077935
2024-01-19 23:00:00,40352.0913463647,40344.52429716716,40325.1290186696,40340.193377122014,107.85814712656826
2024-01-20 00:00:00,40329.13112959378,40351.12830480544,40316.04182558372,40333.77155552474,140.8765228967915
2024-01-20 01:00:00,40273.57225218387,40291.65394150125,40256.717410996884,40271.65701617958,22.80622575902092
2024-01-20 02:00:00,40242.43553874118,40261.71074159464,40227.96413012748,40238.43805785875,123.73120464028635
2024-01-20 03:00:00,40170.34140247077,40176.49616182479,40164.70274903224,40166.565384303416,210.74276433246348
2024-01-20 04:00:00,40285.05653442173,40302.2778446247,40278.73744122047,40284.4488922784,110.04921533055875
2024-01-20 05:00:00,40292.50616474358,40314.3051375175,40267.52272640651,40286.564705396704,279.44387599129266
2024-01-20 06:00:00,40248.43916653859,40257.227754902,40242.056668569574,40244.58117491715,75.0066811948482
2024-01-20 07:00:00,40247.51867018259,40274.86254822423,40248.43341958325,40257.419969561204,152.57296083698202
2024-01-20 08:00:00,40257.63353509487,40259.380531569564,40232.56389569161,40250.68028657976,138.63305521990097
2024-01-20 09:00:00,40244.520437305895,40254.76834785892,40225.28541874679,40237.42211060776,65.73652360081026
2024-01-20 10:00:00,40268.16582377694,40287.02330259663,40261.5262987882,40274.272112610364,92.44558886530353
2024-01-20 11:00:00,40320.026077896786,40325.9877864968,40312.47781632211,40319.72257521321,188.18004158625897
2024-01-20 12:00:00,40293.35913829906,40289.50417197169,40279.93225951143,40287.89250635658,165.06306375448662
2024-01-20 13:00:00,40251.668901361256,40259.153984127384,40243.3918695596,40253.34341191789,87.91245570708865
2024-01-20 14:00:00,40245.42413447092,40241.68809232567,40236.276687198755,40236.840310088795,29.08052871884761
2024-01-20 15:00:00,40117.63602016161,40117.98229310246,40094.004677772835,40098.725040204656,204.50615828412123
2024-01-20 16:00:00,40001.52568821167,40027.238360245006,40005.87305637219,40007.81357647275,99.00592615285345
2024-01-20 17:00:00,40078.77767569419,40097.98933780452,40054.11494593657,40089.82603251942,91.34044351388087
2024-01-20 18:00:00,40190.95464409433,40201.21113841794,40161.07886810137,40188.52409532949,77.37686906669701
2024-01-20 19:00:00,40179.35443299712,40181.292871242484,40164.34242786541,40173.58193295611,89.26744708526851
2024-01-20 20:00:00,40206.3284197487,40215.09289671998,40192.61762965473,40208.17535073946,38.30310594771399
2024-01-20 21:00:00,40238.476445318636,40238.19883013576,40213.193059459096,40226.85036001207,206.1844905161752
2024-01-20 22:00:00,40400.8743621216,40432.50063455227,40407.92278323682,40411.58320851938,285.7195931067916
2024-01-20 23:00:00,40484.301052189716,40494.5660764899,40474.33691441193,40478.75770320546,181.72510763712842
2024-01-21 00:00:00,40466.23576115054,40489.0004918131,40460.68438369173,40471.08264771661,58.610324478825
2024-01-21 01:00:00,40427.50524453024,40418.03727058251,40383.33506220552,40413.750221280585,23.897724301051355
2024-01-21 02:00:00,40333.303564890484,40330.04075144153,40304.07283836046,40317.363442065136,249.52257612281548
2024-01-21 03:00:00,40323.4380075149,40337.872094963284,40324.58256951942,40329.57126021717,178.9814937119288
2024-01-21 04:00:00,40279.79375841284,40284.69909388902,40273.64311254157,40284.19021550011,258.04449625745013
2024-01-21 05:00:00,40205.73169602009,40222.7763322967,40161.37853566843,40198.85499292425,110.8612185322427
2024-01-21 06:00:00,40156.96357467138,40166.37111433498,40156.640533967555,40160.0606198697,70.05143893078952
2024-01-21 07:00:00,40094.804449909374,40103.83655130532,40074.06307772127,40095.16773965283,138.15604244215464
2024-01-21 08:00:00,40196.599345121525,40209.61343856939,40190.36221659917,40196.39623775719,88.53694904456884
2024-01-21 09:00:00,40233.93723792457,40249.314508505166,40229.47968633104,40249.29462317415,106.818394690376
2024-01-21 10:00:00,40248.7055627264,40254.747579475974,40247.19605288046,40248.81626469515,171.99935038380949
2024-01-21 11:00:00,40332.09509083604,40351.97644735379,40324.01318485124,40337.612913028555,136.52744349292797
2024-01-21 12:00:00,40338.31002890822,40351.094994958825,40327.88510236522,40342.25501148742,33.57901933473008
2024-01-21 13:00:00,40302.12701543547,40297.45753894923,40280.62477513024,40290.57795940772,86.63277056158059
2024-01-21 14:00:00,40371.91334888966,40394.815941247536,40366.57419138096,40381.9654040439,138.50275549123936
2024-01-21 15:00:00,40420.80564815896,40439.460662982056,40408.57862240196,40414.30000666498,108.95837802894971
2024-01-21 16:00:00,40349.83353396274,40364.14281368153,40337.10625389051,40352.06523740539,84.25504968915602
2024-01-21 17:00:00,40338.40683537241,40356.79763889024,40322.91656608199,40340.644916720375,165.08122386811965
2024-01-21 18:00:00,40294.4307966857,40320.65298278318,40287.11108688765,40288.10782151729,233.5850129849801
2024-01-21 19:00:00,40207.86024801598,40223.05267867581,40199.76864596674,40205.13983765943,147.70048428092525
2024-01-21 20:00:00,40265.27539448909,40275.09216735413,40242.301383180114,40260.71049051133,320.65386864282726
2024-01-21 21:00:00,40383.0209662238,40395.56311928115,40357.12308139482,40375.27548893954,74.19693070123363
2024-01-21 22:00:00,40288.71096744492,40315.1152603572,40284.78274514657,40291.361434510385,247.41783345307638
2024-01-21 23:00:00,40320.24169483576,40331.334572393884,40304.589189301354,40325.13958871182,51.57935264717919
2024-01-22 00:00:00,40277.419830352046,40289.31205003043,40270.12039048062,40286.10103456451,184.68916850735684
2024-01-22 01:00:00,40250.270227298795,40262.564592502706,40253.00282880446,40256.87351153863,56.67589308881547
2024-01-22 02:00:00,40244.92263148676,40231.68696637612,40202.30112754958,40221.329876084295,145.7844761210331
2024-01-22 03:00:00,40179.4478665494,40173.4746848011,40162.11923855818,40169.49042990351,120.58117787978377
2024-01-22 04:00:00,40161.59313265053,40182.26817522245,40154.05342412927,40172.401727580196,92.04063908077845
2024-01-22 05:00:00,40111.96505694159,40123.58770488917,40101.17530461438,40122.544720595535,91.2247318751829
2024-01-22 06:00:00,40142.62705863607,40156.57703096691,40115.50345114591,40138.77213014232,20.367214008628743
2024-01-22 07:00:00,40140.1359619544,40151.62505628769,40122.523546186385,40135.757843575375,90.15475429840889
2024-01-22 08:00:00,40125.81203144593,40130.2576427551,40109.99714278785,40121.42096076339,48.539544891000304
2024-01-22 09:00:00,40064.92749469247,40081.00108552234,40062.376931725536,40066.9671410409,77.55503834618875
2024-01-22 10:00:00,40031.35722712678,40035.029629343866,40030.17945294571,40032.3608612068,71.87614229714492
2024-01-22 11:00:00,40080.30737094962,40091.37649854579,40067.12867876637,40077.68433475634,47.807713043647105
2024-01-22 12:00:00,40108.42651006415,40114.00082174365,40082.354167426856,40107.739366013804,131.28476068351205
2024-01-22 13:00:00,40031.331648343905,40054.24686014934,40046.92115425,40049.08605132589,174.61203470040664
2024-01-22 14:00:00,40053.20759260705,40060.27111574034,40014.49576894504,40055.04598965165,96.11296601807764
2024-01-22 15:00:00,40093.31796557987,40113.59666805034,40095.03887986261,40100.12921705395,155.46169850592673
2024-01-22 16:00:00,40001.36659153794,40007.2804807809,39994.74253923441,39999.96490018667,48.03283531794385
2024-01-22 17:00:00,40056.448583750294,40048.681506801026,40031.44261338769,40032.56651172947,44.23988129087855
2024-01-22 18:00:00,39995.74893951651,40000.25508795873,39987.27979570594,39992.80908619272,79.39574610688408
2024-01-22 19:00:00,40024.53676881892,40058.17098189853,40014.939310059206,40027.045006308304,141.91945174016348
2024-01-22 20:00:00,39988.62386893157,39998.95137952188,39964.45414023746,39981.24945691576,229.3712465126362
2024-01-22 21:00:00,39876.818033973555,39890.12092690428,39868.710733442,39872.95653087588,146.63889903109515
2024-01-22 22:00:00,39778.6647405265,39796.12201285973,39770.21431679582,39775.30398460289,58.86906238591062
2024-01-22 23:00:00,39783.0438861483,39789.64698667708,39777.56902333044,39778.189081402576,45.42550145946609
2024-01-23 00:00:00,39810.2247800245,39794.56903353132,39793.4784372572,39793.772431505866,141.24551759399162
2024-01-23 01:00:00,39730.466326516995,39747.77816105267,39727.476983401626,39739.5134339996,73.49089517562186
2024-01-23 02:00:00,39781.61803814074,39780.34921163423,39769.14505179768,39777.82898152625,125.8352917120609
2024-01-23 03:00:00,39670.726728750255,39692.31595080928,39671.2371429322,39678.13777779011,193.1257743203255
2024-01-23 04:00:00,39678.617091042004,39681.68546373633,39651.06637127462,39674.172989871266,77.60763414849247
2024-01-23 05:00:00,39594.16252579363,39614.68912490565,39582.6817711812,39601.51201788552,185.9833418395212
2024-01-23 06:00:00,39559.062916908544,39573.53873512128,39552.116727653534,39562.40185141739,171.95963215475464
2024-01-23 07:00:00,39562.88505238247,39574.80958482752,39552.941296078745,39565.245771696376,105.19192977766849
2024-01-23 08:00:00,39521.4275035341,39516.871216563806,39499.356669032924,39513.62096977934,96.62519807211189
2024-01-23 09:00:00,39497.89527267709,39495.09788813771,39480.10865561144,39490.54763712555,223.7148535651209
2024-01-23 10:00:00,39540.95946666685,39554.20819945445,39543.17599269702,39550.92520567842,59.84977537001726
2024-01-23 11:00:00,39516.75116639503,39527.80533813264,39500.962895156394,39516.31169350703,97.53556112290059
2024-01-23 12:00:00,39560.77658139294,39582.056126028176,39562.25254009047,39566.453220230935,58.49406342223989
2024-01-23 13:00:00,39488.602769666075,39527.848735065636,39458.552302029166,39498.67080895148,183.4452045025709
2024-01-23 14:00:00,39528.722923223,39557.77535066581,39504.19442601032,39530.459059626395,102.06186805994915
2024-01-23 15:00:00,39614.485314558224,39625.918192114696,39614.290798609254,39616.95317686587,21.099084624158632
2024-01-23 16:00:00,39488.068238748994,39474.20768520735,39467.417880358706,39468.65450685823,27.29424470015634
2024-01-23 17:00:00,39424.30447013289,39429.605504026535,39415.30100997763,39420.840791530005,251.15430258264718
2024-01-23 18:00:00,39444.4441791548,39456.97225496941,39431.77357468007,39455.465119160835,29.753260110928245
2024-01-23 19:00:00,39438.764203964885,39444.14325654328,39431.01401836618,39443.282395998256,161.46121328307723
2024-01-23 20:00:00,39473.72221476397,39471.70939968045,39459.68300849197,39465.55114840053,72.20926898915792
2024-01-23 21:00:00,39446.01957938054,39432.77807935945,39420.585310638155,39429.31203719758,57.4011062918281
2024-01-23 22:00:00,39421.81955794806,39455.40514331499,39434.26407768202,39434.50742444596,179.4809164668138
2024-01-23 23:00:00,39410.127395241325,39437.757027035914,39407.81428360688,39425.16679032244,109.07936154518862
2024-01-24 00:00:00,39510.20143542499,39508.3260792871,39489.27275867013,39495.23371402202,83.23776696365037
2024-01-24 01:00:00,39513.61587803906,39524.99131547065,39499.28712981072,39510.49896462009,20.90722164729599
2024-01-24 02:00:00,39523.8087824896,39531.945950710695,39526.54759354343,39530.75512434461,133.15263438766806
2024-01-24 03:00:00,39510.31953906624,39510.549495608066,39484.99951401914,39506.042506377256,41.75047380140603
2024-01-24 04:00:00,39455.70015102078,39491.87015356825,39475.16404807704,39476.78613293291,62.29444779652901
2024-01-24 05:00:00,39450.859645716504,39456.235104422914,39434.15113237541,39450.83264166373,277.7956236544351
2024-01-24 06:00:00,39477.12233958917,39482.56445657313,39464.220418935765,39474.49977020643,31.268428245565666
2024-01-24 07:00:00,39456.63486247352,39459.07175880497,39428.210561468426,39449.240701357216,159.56011636463649
2024-01-24 08:00:00,39458.516025152654,39482.68006621441,39462.08391411401,39466.627192771,68.14510478536133
2024-01-24 09:00:00,39591.83673798095,39616.93684988235,39570.95974377201,39591.15124068972,105.15193752602798
2024-01-24 10:00:00,39636.01532588715,39656.86371277451,39640.51915949891,39643.41872289563,131.36187909820242
2024-01-24 11:00:00,39625.90038101095,39627.14684602356,39601.78353472701,39623.857310965555,45.01903646906969
2024-01-24 12:00:00,39688.76737571649,39707.80803595122,39695.602295083765,39695.930146295395,302.53795072359225
2024-01-24 13:00:00,39668.18081720082,39680.005230367104,39660.83715330704,39671.4456239141,22.190295302733553
2024-01-24 14:00:00,39541.19162864511,39561.945181454925,39527.03146633878,39549.15815180343,167.65520573119704
2024-01-24 15:00:00,39493.88206308297,39507.110727115396,39485.771558719665,39488.67297314839,83.29769996332766
2024-01-24 16:00:00,39383.293066820086,39398.20722337457,39373.149623073674,39376.425457886835,73.5006650275096
2024-01-24 17:00:00,39353.457684284695,39355.54688781884,39336.001697466265,39355.33464884436,226.6708320749023
2024-01-24 18:00:00,39356.7456555554,39365.38592271526,39354.444704136775,39356.439751595724,106.45460848100707
2024-01-24 19:00:00,39445.437259015176,39461.51371691866,39437.212606094654,39457.025990332244,69.36291573817269
2024-01-24 20:00:00,39474.244219574044,39488.775421798986,39444.49652693932,39476.641632758096,69.24599321442705
2024-01-24 21:00:00,39463.093964093234,39472.26243040732,39456.44913406451,39463.495601029565,165.7600136159483
2024-01-24 22:00:00,39534.226280628805,39524.50030124191,39510.878595136506,39513.25993590057,37.384010617531324
2024-01-24 23:00:00,39371.69608115391,39383.91486632386,39363.25171731834,39380.5918173601,68.69889040085772
2024-01-25 00:00:00,39406.44210875663,39412.38312253816,39385.60128229064,39394.72869084661,21.964909031755244
2024-01-25 01:00:00,39448.955472667556,39468.28876109896,39425.8625837815,39440.98060247983,138.43312838018682
2024-01-25 02:00:00,39354.51051896896,39360.761346601255,39348.459368281416,39352.26542773304,290.6949597313697
2024-01-25 03:00:00,39434.95963419902,39433.36492211816,39393.99452435677,39420.890670325454,71.7211630556092
2024-01-25 04:00:00,39444.17729855597,39444.34250602984,39436.881863622104,39441.20045477512,40.87366500953736
2024-01-25 05:00:00,39419.396453506415,39431.0511906983,39412.60759997634,39416.28317994107,94.18100505202027
2024-01-25 06:00:00,39453.82512668331,39454.33941254564,39450.20081345508,39454.25009190745,214.30076678190377
2024-01-25 07:00:00,39600.280214435064,39602.25170506538,39567.33989922793,39590.49166337572,95.56874172904857
2024-01-25 08:00:00,39610.17539254971,39604.22755870552,39577.49096933616,39601.40363867922,51.91040890346625
2024-01-25 09:00:00,39611.29145555728,39634.19356804501,39614.74380154801,39616.296873857245,86.82496668417747
2024-01-25 10:00:00,39578.18124232804,39604.05795077656,39567.267938118406,39588.73521988483,243.68582364941102
2024-01-25 11:00:00,39536.120712617776,39551.52828053682,39533.84401396423,39537.74455771694,276.9717056383646
2024-01-25 12:00:00,39581.164398194414,39594.45955829369,39574.36452698423,39587.56470670959,103.95209704428366
2024-01-25 13:00:00,39535.69148055814,39552.397313871785,39532.16196335124,39536.19967715506,45.12507359742959
2024-01-25 14:00:00,39550.3931564657,39549.69746546867,39537.256844493306,39540.49365138823,194.57914089759808
2024-01-25 15:00:00,39508.17579134163,39514.777818692324,39494.16778271245,39511.83420458232,216.3683623047782
2024-01-25 16:00:00,39540.23040707661,39548.75979483009,39518.52623024529,39540.572994127106,252.30332308167254
2024-01-25 17:00:00,39561.05690232279,39593.16629151573,39551.25866710091,39560.59272044432,36.30270818795486
2024-01-25 18:00:00,39629.63256415744,39622.96681512397,39595.24112132786,39622.845117099794,31.52007940806299
2024-01-25 19:00:00,39574.269018496634,39594.61547154836,39572.32164235915,39592.24413316851,43.76717158626877
2024-01-25 20:00:00,39571.19803469278,39580.21480089564,39568.48716681372,39576.05163705091,72.35156386160347
2024-01-25 21:00:00,39519.01608364221,39536.69492168921,39508.20845571473,39517.32581410397,145.77401111229858
2024-01-25 22:00:00,39500.268850150824,39496.99491961317,39464.187404693956,39490.668218499406,148.22249048989266
2024-01-25 23:00:00,39509.37102850204,39532.95912670331,39487.19212578314,39513.306248082095,61.449701797262435
2024-01-26 00:00:00,39543.71314343248,39561.96497288607,39539.38335627267,39558.725565080815,66.10179988483706
2024-01-26 01:00:00,39508.35333719789,39517.45780801777,39502.51890341958,39503.39564563016,111.45601382169176
2024-01-26 02:00:00,39550.48910172589,39580.097996754404,39541.882695998385,39555.572000836495,330.31702108206747
2024-01-26 03:00:00,39627.392939092075,39656.58567410389,39630.584518369746,39636.910272364796,70.28608817041521
2024-01-26 04:00:00,39656.721603440514,39678.09849045965,39660.82155187834,39661.71636655822,93.59186535933726
2024-01-26 05:00:00,39772.84791245045,39778.12925647484,39748.799127437385,39774.3241153117,156.53321368023947
2024-01-26 06:00:00,39723.05880604918,39733.07423394723,39715.750890828975,39727.89676336548,190.56199343822567
2024-01-26 07:00:00,39635.57295271001,39660.55629919295,39650.40047609616,39653.2174811668,230.2750290946438
2024-01-26 08:00:00,39553.67079580764,39556.78956955776,39534.68665518273,39546.49426623254,321.0748614194091
2024-01-26 09:00:00,39646.45592525212,39648.84031503228,39633.20653302191,39636.256924921894,112.25196920462247
2024-01-26 10:00:00,39680.731040233855,39676.53644201189,39665.29271317091,39675.518864303136,75.08380078146804
2024-01-26 11:00:00,39663.08229868511,39702.48269403085,39657.74624076151,39672.18378404851,89.80680379646071
2024-01-26 12:00:00,39687.36996935612,39710.61107671473,39670.589211260514,39688.9819016277,46.246191936978526
2024-01-26 13:00:00,39621.40038826796,39629.138172399944,39588.50286796511,39621.452558789795,40.01776888380719
2024-01-26 14:00:00,39772.9880326833,39769.03563666448,39756.6854873985,39768.19767756681,21.439681355326865
2024-01-26 15:00:00,39781.29767239506,39780.59569419514,39775.92523618029,39775.95094848532,137.3627628227082
2024-01-26 16:00:00,39776.64124577139,39799.70504978681,39766.17158741546,39782.51463616161,199.6678873381008
2024-01-26 17:00:00,39826.71659804685,39868.6232302165,39790.57951701554,39826.06063359554,107.18139468032723
2024-01-26 18:00:00,39858.57943073667,39855.17034263463,39833.34038598389,39854.92118749974,103.24473350434224
2024-01-26 19:00:00,39880.00080753366,39869.94151031895,39864.97528931912,39868.35422895649,210.13932501884705
2024-01-26 20:00:00,39826.56181394837,39827.73030744364,39785.24928673167,39820.92576162977,114.80205161782496
2024-01-26 21:00:00,39855.526316556934,39875.10726124246,39846.32409006821,39849.21386305793,103.13782523611071
2024-01-26 22:00:00,39962.80594586987,39975.44527472927,39956.65441921756,39962.13533284643,54.04480740376781
2024-01-26 23:00:00,40054.144208777354,40054.43747827426,40042.27310388409,40042.86053561573,162.85699822321786
2024-01-27 00:00:00,40141.72983558176,40143.79552504468,40128.63372964912,40138.45173321409,142.635533201377
2024-01-27 01:00:00,40100.89008934683,40126.70158141625,40077.03607488539,40107.77879262822,45.345127906934806
2024-01-27 02:00:00,40059.629463173704,40058.410339684364,40042.79949816153,40048.402503412704,60.74361879991839
2024-01-27 03:00:00,40046.438514387046,40051.849821693584,40019.023770948,40040.85528820673,135.31186143299135
2024-01-27 04:00:00,40040.65443077502,40060.63983155621,40035.33350610804,40044.19878294405,97.62854279078789
2024-01-27 05:00:00,40106.01433031311,40116.23009367725,40103.24937511695,40109.8502740523,102.13284825034191
2024-01-27 06:00:00,40010.67500063054,40031.476456469565,39984.78023156811,40008.30239626941,179.3358408175317
2024-01-27 07:00:00,40103.780893799194,40108.164990654004,40093.21721948167,40100.07541543705,54.62394808181555
2024-01-27 08:00:00,40092.173279647366,40096.390681330035,40084.69420705614,40090.594941522315,201.84965784178507
2024-01-27 09:00:00,40067.47254671301,40077.54854064867,40053.545808066425,40064.98207732547,157.5784590479646
2024-01-27 10:00:00,40017.85547380647,40014.444274607755,39992.850360191616,40004.25581480986,153.47929636046968
2024-01-27 11:00:00,39913.53675971579,39948.67825434516,39899.060240767416,39904.96441449791,160.13088990799054
2024-01-27 12:00:00,39955.87973426575,39962.202997321685,39948.61814980024,39954.35464953563,172.96206196153835
2024-01-27 13:00:00,39966.28421221307,39977.05853791609,39939.071279548996,39958.75372756693,156.27630857093948
2024-01-27 14:00:00,39873.09588235425,39911.61615555431,39875.39934360895,39881.35607358247,81.11543883704095
2024-01-27 15:00:00,39806.834763658226,39846.13623613342,39803.02927058867,39803.65134725865,93.92854584035885
2024-01-27 16:00:00,39797.97871609911,39795.71397820421,39767.018676933265,39783.50426530124,214.0453909426019
2024-01-27 17:00:00,39881.901189655466,39885.57481857468,39856.69557879348,39883.64555681861,112.45097589654546
2024-01-27 18:00:00,39861.28900430784,39871.454921447475,39855.267643535866,39868.07007573679,157.20338362469937
2024-01-27 19:00:00,39772.66478744096,39798.71686399415,39767.839944845204,39777.88149854971,42.18303848724376
2024-01-27 20:00:00,39754.41985040581,39772.69678494989,39748.46229545721,39763.13691470455,50.263382508114404
2024-01-27 21:00:00,39740.49540525467,39771.01800116052,39719.79629921262,39746.77350051969,256.4370297621681
2024-01-27 22:00:00,39581.996237154475,39605.8513340257,39576.6667235142,39584.960301943196,284.34960238468625
2024-01-27 23:00:00,39570.4580737987,39582.22086931144,39567.653729858466,39581.702609952124,46.46791283207767
2024-01-28 00:00:00,39567.9714848112,39592.097238763825,39551.253064756704,39567.8465381396,49.628727609993405
2024-01-28 01:00:00,39616.8371374187,39613.05965500624,39606.60843961407,39609.618920028406,155.0237393285268
2024-01-28 02:00:00,39713.29423628395,39724.28552353163,39716.697484408454,39720.55628572513,150.64320925716106
2024-01-28 03:00:00,39800.30445888713,39797.54939205694,39782.98302936671,39788.150187497995,87.37671557913596
2024-01-28 04:00:00,39776.10320277292,39772.70032428183,39760.77562626035,39772.0168660647,87.54253765485568
2024-01-28 05:00:00,39713.8699562252,39714.9764186144,39700.558820054386,39705.62531154021,36.52892724655125
2024-01-28 06:00:00,39854.76422330438,39870.57850173228,39851.85059128526,39860.026899735196,113.624206542329
2024-01-28 07:00:00,39870.4162075926,39895.90393593681,39836.328671332434,39863.580005776064,160.9042754864176
2024-01-28 08:00:00,39855.68029208769,39869.14521312014,39845.3763967122,39864.41576329085,62.71219005043649
2024-01-28 09:00:00,39870.09023807093,39877.08359857424,39839.92590647141,39862.96825806424,217.7453126940408
2024-01-28 10:00:00,39876.228058428664,39878.54459794006,39873.18356097835,39874.85334371032,28.198655592778103
2024-01-28 11:00:00,39870.61772875476,39878.22591940197,39861.70543298456,39866.19171899488,35.15750175043992
2024-01-28 12:00:00,39822.36724173707,39854.00141010861,39819.274632082626,39831.771998582066,296.7135903161288
2024-01-28 13:00:00,39791.79990336943,39803.20873269182,39789.50672268258,39798.96046210764,187.9210599018525
2024-01-28 14:00:00,39801.77309164071,39805.478911412785,39784.0315401242,39796.99526589468,115.57164399705326
2024-01-28 15:00:00,39756.80299559286,39771.45951544392,39723.776621795936,39764.389779626654,219.67835357697194
2024-01-28 16:00:00,39725.324683002815,39732.3952940181,39710.819189667694,39721.61903266602,58.982951179825534
2024-01-28 17:00:00,39717.06774387586,39730.371051076014,39714.143904217424,39728.00484632754,123.15569442258153
2024-01-28 18:00:00,39719.491606983625,39722.33121558424,39693.90362309671,39712.70621328229,137.84233966530857
2024-01-28 19:00:00,39793.0856060791,39827.926071361595,39799.72147002606,39802.945792597246,102.40788746808218
2024-01-28 20:00:00,39648.306003595106,39656.730151703596,39638.10135457094,39643.88760409367,66.19596992571613
2024-01-28 21:00:00,39714.383062678186,39709.91150631951,39698.83811523153,39709.37801520902,115.82800077327082
2024-01-28 22:00:00,39778.56895221143,39793.927719033025,39780.52997540087,39784.14312675887,154.5123814887495
2024-01-28 23:00:00,39664.39592535106,39684.20973947064,39649.75431084098,39659.739712814386,208.35543043273915
2024-01-29 00:00:00,39641.26199527623,39646.38236469065,39633.64321060218,39639.17845716956,28.093587026621854
2024-01-29 01:00:00,39612.58127036028,39632.71862034203,39615.02771978705,39616.89200520982,163.23341062071057
2024-01-29 02:00:00,39524.37286605414,39544.78304523926,39518.40046100771,39532.44130352675,61.076581213897875
2024-01-29 03:00:00,39470.071296737915,39500.212067450084,39474.11825172733,39485.772302271296,128.25095739059216
2024-01-29 04:00:00,39421.934951921736,39429.529287021076,39418.680605334535,39419.13775154334,44.89865574226181
2024-01-29 05:00:00,39511.75555597786,39540.86147414318,39510.815183056344,39524.27397814876,73.48134884983087
2024-01-29 06:00:00,39581.17743533314,39593.3362296221,39570.62042940013,39580.41468173761,70.82094488264448
2024-01-29 07:00:00,39654.6004017086,39660.47773716083,39648.46114704269,39656.70798743726,212.56460117573747
2024-01-29 08:00:00,39705.441453483356,39703.4778254238,39695.27931627111,39700.00831127985,154.89462306329278
2024-01-29 09:00:00,39629.8488410109,39640.91149865185,39628.244448592974,39632.26520500682,32.30497277810269
2024-01-29 10:00:00,39598.158406739254,39622.85950939229,39590.06637317811,39600.79398903003,222.47348955694022
2024-01-29 11:00:00,39636.01142833802,39640.648891006225,39629.38968230848,39630.15646270371,119.74533238397069
2024-01-29 12:00:00,39559.50925840287,39572.384785273745,39556.586922351686,39556.82879417019,124.58671595457703
2024-01-29 13:00:00,39602.137947637995,39609.58923400602,39597.459105405535,39599.608699980534,59.26046634533483
2024-01-29 14:00:00,39588.94331680951,39597.13122813884,39577.45059639406,39585.189176091044,154.53608153095067
2024-01-29 15:00:00,39550.41535065241,39576.950880100056,39548.81904377342,39562.69992763807,185.61667266422177
2024-01-29 16:00:00,39611.411835170176,39627.01158966283,39579.02595727062,39605.35752573028,264.4652767662029
2024-01-29 17:00:00,39636.91307477155,39639.25697201135,39621.58608404829,39632.013324419444,37.64921929351688
2024-01-29 18:00:00,39602.22188944168,39611.59607982874,39603.25817267128,39610.355354470295,81.26424541414835
2024-01-29 19:00:00,39677.962498882756,39683.56151858706,39669.37147110156,39679.91514267215,44.20863857552527
2024-01-29 20:00:00,39614.73688471514,39629.32093668065,39611.48423745477,39615.05134301616,83.64430267985591
2024-01-29 21:00:00,39650.931505157605,39659.910948287805,39645.011010121634,39652.00747943282,34.34705079516753
2024-01-29 22:00:00,39690.26443464347,39690.45663820422,39679.78321246458,39687.59355491092,24.1477087812564
2024-01-29 23:00:00,39680.47170280673,39671.99370369778,39652.82777576959,39669.02076855208,128.68611205968386
2024-01-30 00:00:00,39697.242883707986,39696.24111192033,39673.6328595398,39688.58874988661,301.4748994275729
2024-01-30 01:00:00,39603.02418175603,39632.61048774741,39596.61168396315,39613.521935303484,188.00854812820864
2024-01-30 02:00:00,39673.94011637835,39670.858269448145,39652.01580859762,39668.9635564559,32.45749812835602
2024-01-30 03:00:00,39668.50089482561,39664.906391082484,39645.51187522471,39657.869428269325,161.65525822784986
2024-01-30 04:00:00,39629.600515203696,39641.39903705446,39608.639686790986,39626.50604703818,211.04298782913
2024-01-30 05:00:00,39698.17444398988,39711.12467955458,39687.243797769566,39689.446600588395,90.52855631838781
2024-01-30 06:00:00,39663.28414272143,39657.18002423648,39613.88930994405,39647.18597915582,193.18409525429527
2024-01-30 07:00:00,39570.86797774287,39571.34797922861,39541.68307880302,39562.67830137401,96.58243986182882
2024-01-30 08:00:00,39471.27501972771,39477.94100383917,39465.54000658499,39469.280550962576,229.31733376917333
2024-01-30 09:00:00,39514.001855835995,39507.5710397386,39488.19550828905,39505.641148043316,99.63174422729153
2024-01-30 10:00:00,39429.97448955831,39449.919408081914,39422.61403033399,39428.81538689354,44.575745273830066
2024-01-30 11:00:00,39534.29426215888,39541.364815231376,39533.61709460735,39534.1030378126,69.09691073311927
2024-01-30 12:00:00,39406.37595945387,39423.516311897685,39387.25345427906,39409.18727333958,189.78087953906658
2024-01-30 13:00:00,39523.48196230764,39511.55579886183,39506.61784669357,39510.974655436985,124.90391240169798
2024-01-30 14:00:00,39517.088274141606,39532.76096493933,39507.54757647555,39523.63570346914,33.42165249035755
2024-01-30 15:00:00,39530.09185855434,39526.720871366684,39496.40151432637,39517.83291675692,74.32281782114401
2024-01-30 16:00:00,39489.1366845383,39491.28231332864,39463.62312650809,39485.137771548376,160.14383687500523
2024-01-30 17:00:00,39497.89148901109,39514.44052979851,39504.81461950872,39509.0859384095,59.40503113001629
2024-01-30 18:00:00,39509.769050607945,39508.047032594855,39477.378519046426,39506.82785626401,152.92653151789384
2024-01-30 19:00:00,39556.225757123786,39573.594365410754,39566.11359620394,39573.025969185,87.99225780712706
2024-01-30 20:00:00,39584.883692239375,39615.70520799778,39564.15362978752,39579.879628104725,97.31726001298405
2024-01-30 21:00:00,39595.97958565635,39606.66158347038,39587.681727210904,39588.89773379244,37.577073398398184
2024-01-30 22:00:00,39562.342153414385,39577.92340448438,39540.912243008475,39567.0810010596,82.79885392743063
2024-01-30 23:00:00,39564.65264520398,39565.34125100939,39550.76676021433,39563.66426363634,116.07084108177266
2024-01-31 00:00:00,39597.76562923987,39597.23972777882,39573.60826911258,39582.13236976987,57.14118631126751
2024-01-31 01:00:00,39475.47629257638,39487.29218785634,39463.22655554239,39479.52226621047,43.04050843624121
2024-01-31 02:00:00,39390.159880187675,39399.02421217574,39393.63059311522,39398.63114088413,53.30190306582683
2024-01-31 03:00:00,39455.08029374519,39447.78045140448,39405.83482903455,39443.226986525486,58.422542590624765
2024-01-31 04:00:00,39469.179610337414,39454.69267287811,39445.99182854111,39453.47891281317,36.60023384196535
2024-01-31 05:00:00,39442.46947800679,39489.99629867018,39424.48239222329,39442.439912632006,65.29080813563957
2024-01-31 06:00:00,39451.6376528992,39446.704961205396,39431.43207851446,39443.54594861593,398.9325539653158
2024-01-31 07:00:00,39475.13265826188,39471.727992139284,39461.048763359075,39464.40085093763,128.81447275188785
2024-01-31 08:00:00,39426.07539625876,39455.90532009331,39416.34272541052,39432.01527011907,69.57769711431469
2024-01-31 09:00:00,39381.434539911985,39385.60714765711,39358.5581476669,39385.31698659493,47.985019784767275
2024-01-31 10:00:00,39406.914698006025,39414.90215319381,39371.845315039514,39397.067701900785,74.14625923326518
2024-01-31 11:00:00,39351.845449473556,39339.11353755581,39325.10730181677,39338.365335243885,35.696071247234684
2024-01-31 12:00:00,39367.36354746815,39378.5523168627,39360.65103058092,39362.86050058676,55.13946123040201
2024-01-31 13:00:00,39253.66696950447,39267.806595568174,39250.49807361603,39260.70548433249,245.65226528756975
2024-01-31 14:00:00,39338.351311465616,39326.819033037114,39313.23065298655,39322.45482257202,208.32675144496204
2024-01-31 15:00:00,39346.56290433431,39365.17826598343,39343.165425358166,39350.8106715168,96.4258866726749
2024-01-31 16:00:00,39363.491353326266,39378.03568245105,39353.99687200144,39366.17245557564,44.85673241342822
2024-01-31 17:00:00,39427.87261728829,39425.6440360558,39420.155137896756,39425.13391461237,48.712777658222166
2024-01-31 18:00:00,39537.49566464584,39545.53770821152,39481.03128818429,39525.06238128012,197.3745471319381
2024-01-31 19:00:00,39592.75639299363,39596.44700691008,39570.50572870605,39585.92458518121,197.88761443949227
2024-01-31 20:00:00,39478.79105530421,39483.255199007916,39449.813080984764,39475.472131301314,110.16145635240444
2024-01-31 21:00:00,39402.403821538115,39406.134588612586,39392.801160286646,39398.69751329717,202.41100891893214
2024-01-31 22:00:00,39361.55651598457,39361.23268410578,39337.68857465202,39361.20839863543,35.73431896101762
2024-01-31 23:00:00,39367.238977764224,39368.995455009914,39340.38692759799,39362.77386164808,126.18110993613901
2024-02-01 00:00:00,39373.59692225467,39417.898489500854,39378.81368306326,39393.833402876226,266.1496331923356
2024-02-01 01:00:00,39347.915914414465,39354.56518794265,39336.45594050555,39350.28877408702,103.2565301482187
2024-02-01 02:00:00,39363.42535543498,39363.5744577113,39347.17550842639,39361.49477995565,31.91772053504385
2024-02-01 03:00:00,39306.96369134549,39332.46369850217,39308.398519757764,39316.17180401445,52.69122811170459
2024-02-01 04:00:00,39282.57132237742,39292.5046502589,39271.88789991865,39279.48073583493,254.55116053799307
2024-02-01 05:00:00,39193.44530025614,39196.54826942043,39192.38835140094,39195.08107002403,57.247616450716286
2024-02-01 06:00:00,39153.730880843905,39156.24607845791,39126.273583639864,39139.68707525738,125.72746248567985
2024-02-01 07:00:00,39071.170156722124,39062.430211284176,39047.09116104868,39058.585998920404,84.8707450174689
2024-02-01 08:00:00,38996.307159188815,39003.57235168144,38996.06541526119,39000.03360374176,94.28998032656122
2024-02-01 09:00:00,39062.0454098457,39069.3553902058,39057.76571174684,39063.25211153823,65.06107767673994
2024-02-01 10:00:00,39005.69659768345,39014.30952827098,38977.16466119901,39006.28817820831,98.73166832067697
2024-02-01 11:00:00,39160.61782628928,39168.65567393419,39128.4575194643,39164.23110209856,172.31068062783447
2024-02-01 12:00:00,39195.390376023635,39216.28904082909,39188.638416219444,39193.83017615141,79.67805756292034
2024-02-01 13:00:00,39198.854087022,39224.1344372231,39197.5401293646,39204.9203435731,55.28984465518569
2024-02-01 14:00:00,39144.37395408273,39163.40021123418,39122.45557473945,39153.41887676223,39.60016168130461
2024-02-01 15:00:00,39200.41915931797,39206.26602180834,39193.06604638877,39195.43746952677,195.4060419508542
2024-02-01 16:00:00,39165.93543662628,39179.94917891341,39148.60310419363,39160.8991999525,136.56948292068316
2024-02-01 17:00:00,39161.78526275394,39178.252390789414,39165.28769917743,39168.21978883122,175.4310344800545
2024-02-01 18:00:00,39328.987704573454,39331.90403024457,39317.36645280357,39321.82486112735,162.50638001300482
2024-02-01 19:00:00,39311.00864531055,39321.82429822396,39291.05241451763,39316.06126714387,89.46917816829611
2024-02-01 20:00:00,39387.04298862532,39399.934094548014,39353.15777444914,39385.01766672102,27.72051768549998
2024-02-01 21:00:00,39349.38983331436,39346.57030405743,39336.62283734988,39342.82708121346,74.62061407445167
2024-02-01 22:00:00,39340.45887126601,39358.473614554656,39308.69397083248,39340.72777178364,141.8753460793365
2024-02-01 23:00:00,39450.613737218904,39450.767258748216,39442.745296633635,39446.97580992177,42.4951258506693
2024-02-02 00:00:00,39405.226349303404,39424.79898296884,39384.59919200601,39409.35778645451,26.294886426733274
2024-02-02 01:00:00,39516.532967266896,39530.055228840385,39508.66651769138,39518.10469993432,113.57943689060596
2024-02-02 02:00:00,39558.92294061461,39560.79756019976,39560.089103649196,39560.56981606165,65.01307939322774
2024-02-02 03:00:00,39520.84918273567,39541.44390814684,39526.31893897217,39526.821809507994,208.2222782567065
2024-02-02 04:00:00,39563.3520805464,39574.45008953394,39531.50240766094,39564.766273851325,114.56571478796096
2024-02-02 05:00:00,39610.73059443802,39623.4102593944,39605.596873411174,39623.11954082893,98.83148796105058
2024-02-02 06:00:00,39656.49890858483,39695.23287253542,39643.9750123712,39660.42813856196,192.05994063918135
2024-02-02 07:00:00,39563.93565142158,39577.95410276329,39553.88366419805,39566.21465536854,185.27545871265198
2024-02-02 08:00:00,39520.53698679908,39522.94991732709,39509.50412823378,39522.58642481904,61.20022110229391
2024-02-02 09:00:00,39505.803327118985,39525.77207540569,39502.87476004535,39507.73530668595,157.06488714626693
2024-02-02 10:00:00,39502.775187341074,39519.69835872259,39490.90775748712,39503.26930093995,158.86934572772302
2024-02-02 11:00:00,39544.34515893768,39588.160183990934,39538.04738560216,39540.50962679299,40.57947204658871
2024-02-02 12:00:00,39558.16782344205,39555.357944724165,39533.14271180589,39551.17168684899,108.16053124122314
2024-02-02 13:00:00,39465.85290351159,39475.424480476606,39470.9191986869,39471.05102532638,134.71229867969146
2024-02-02 14:00:00,39484.23728954363,39519.22297080084,39492.994935675335,39493.86289638674,162.02589230979257
2024-02-02 15:00:00,39522.161685805826,39545.17553429177,39526.51415160483,39530.49804110377,159.75960182148737
2024-02-02 16:00:00,39560.187844610075,39605.41373413543,39553.81871081509,39564.08546797963,164.46963787596562
2024-02-02 17:00:00,39626.11694097037,39633.51647072522,39622.61432926371,39628.93231151291,47.03080183803195
2024-02-02 18:00:00,39672.80767225626,39689.93202543149,39664.32117012787,39678.96764078584,95.52327601146705
2024-02-02 19:00:00,39696.14951222555,39716.27834295008,39689.53620842881,39706.51844553955,55.88829022760658
2024-02-02 20:00:00,39698.65953623223,39733.66304633483,39685.82475903111,39702.30850285203,101.51525839788191
2024-02-02 21:00:00,39604.10225980198,39605.204720543006,39592.33944551417,39602.65084684107,105.21639282048585
2024-02-02 22:00:00,39633.18817571571,39632.412008393316,39627.09977677028,39628.42793998902,273.7632318888483
2024-02-02 23:00:00,39636.42981679394,39646.88737479883,39634.08082997651,39640.88920121881,70.86812867991154
2024-02-03 00:00:00,39653.879948873386,39658.90354398313,39643.833065463405,39657.183931450534,27.58785758157214
2024-02-03 01:00:00,39573.165430430534,39584.543040975994,39571.47009569002,39580.57901690131,53.10079518757478
2024-02-03 02:00:00,39515.46411111382,39517.96737874563,39512.71260566232,39515.71562447682,159.0323916391382
2024-02-03 03:00:00,39572.11736660326,39597.864888196,39557.916376425725,39578.90479567679,237.87787710545808
2024-02-03 04:00:00,39581.11650895133,39583.824258318826,39553.44435125824,39576.5314864454,81.69065652414774
2024-02-03 05:00:00,39603.134596352276,39646.662104617586,39593.83555513369,39617.42152828775,127.71869259796924
2024-02-03 06:00:00,39616.243593475956,39649.87599271484,39614.88874420157,39619.12063085558,170.74369272964188
2024-02-03 07:00:00,39623.31485793886,39631.993706645844,39602.44545565056,39620.905999225324,162.5256060966146
2024-02-03 08:00:00,39678.67370371446,39684.80833166592,39662.96873516736,39677.203027583884,117.90914421782637
2024-02-03 09:00:00,39667.78461320269,39647.101274366956,39632.636800770015,39646.240343890844,158.44475883564368
2024-02-03 10:00:00,39654.80599070385,39672.93931807863,39616.75075271794,39652.0075905073,79.59615379758745
2024-02-03 11:00:00,39616.23863641026,39634.8897372951,39599.178050156515,39624.271073184995,96.21200139175103
2024-02-03 12:00:00,39597.43758556235,39602.14250075436,39585.24160180292,39598.20129953906,68.02035262405968
2024-02-03 13:00:00,39565.44100146321,39603.589381659556,39577.75298343474,39579.65097213094,261.6875929085316
2024-02-03 14:00:00,39592.33420043458,39604.06442829931,39579.32413330003,39592.97899842896,124.026150186016
2024-02-03 15:00:00,39557.589632673145,39574.03903620181,39553.8266024042,39564.254081129155,23.562654834317414
2024-02-03 16:00:00,39646.922570868046,39661.009029127905,39633.964943752806,39639.59944866357,78.46618335565125
2024-02-03 17:00:00,39581.52668833363,39592.214531820275,39566.3507571739,39585.923010530394,112.07688351229841
2024-02-03 18:00:00,39573.77658455435,39586.05803719545,39568.08577341792,39574.71071188071,37.310422673844805
2024-02-03 19:00:00,39543.24238565303,39577.03774944307,39526.820898012105,39548.32684838426,59.69405678458832
2024-02-03 20:00:00,39649.05633226032,39645.037290062195,39622.58443556576,39635.14552144549,30.1838550033325
2024-02-03 21:00:00,39644.368865907236,39658.99803425709,39615.335471316794,39646.93880803618,102.27432490621796
2024-02-03 22:00:00,39723.50993675213,39713.45966465492,39687.49010872134,39708.8494804043,57.54387817890932
2024-02-03 23:00:00,39626.22907211902,39623.43214429567,39617.03792047627,39619.71585802208,27.888519205674484
2024-02-04 00:00:00,39639.59540779292,39655.545084121,39606.2708334027,39635.73887397424,52.20425589648569
2024-02-04 01:00:00,39692.066586890185,39702.233256436746,39666.89953584232,39689.116721711645,29.754971005097733
2024-02-04 02:00:00,39697.204139453905,39703.4678555316,39694.01822732618,39694.05376106817,78.15096546071298
2024-02-04 03:00:00,39742.56120293733,39762.17519552154,39749.828480130695,39757.98258357209,52.097046667767344
2024-02-04 04:00:00,39724.714209412865,39729.31985873621,39697.06472702668,39726.94527656607,65.69917020143046
2024-02-04 05:00:00,39818.26738674668,39814.26393137459,39783.997674786835,39811.5061229772,181.12662336214225
2024-02-04 06:00:00,39949.048832926565,39962.125106961765,39936.42117345309,39949.440010394355,51.819670729590484
2024-02-04 07:00:00,39916.42817799355,39927.88118125658,39919.31263249192,39927.669696767975,97.87982245677892
2024-02-04 08:00:00,39900.52030987931,39901.87926881576,39889.70030713074,39900.93954548393,126.03281431930027
2024-02-04 09:00:00,40001.775458241034,39991.76121783709,39979.180431240624,39988.14261411099,183.9438005202701
2024-02-04 10:00:00,40092.89207657911,40084.184520040224,40060.48381980736,40082.916942854834,149.76960568871445
2024-02-04 11:00:00,40051.04930915071,40063.51525946982,40051.36086448602,40051.54534122564,60.30167176640829
2024-02-04 12:00:00,40033.94572641635,40040.1867614406,40023.74144707768,40026.33413219989,81.96760013438946
2024-02-04 13:00:00,40006.49499950532,40025.186405495675,40002.890588213704,40009.42705566826,169.4061468204794
2024-02-04 14:00:00,39915.12905231159,39941.791612515066,39922.125271983736,39928.7600250062,65.93809771841
2024-02-04 15:00:00,39866.245180312115,39891.4359546238,39862.37996411207,39873.64090821715,92.73005986635904
2024-02-04 16:00:00,39825.89557236009,39822.21030053409,39796.11249899834,39813.392462212025,78.4011587457916
2024-02-04 17:00:00,39765.13266365114,39776.62069007632,39765.68836375053,39767.324608305775,133.23173315275352
2024-02-04 18:00:00,39763.29644322757,39793.91326843751,39759.45396367404,39765.24351506257,104.78065562567033
2024-02-04 19:00:00,39776.89769344456,39780.6910877127,39761.64672485626,39779.29639901476,22.2946615824449
2024-02-04 20:00:00,39887.55952130019,39879.35387028401,39858.40506941874,39872.326428583605,85.51543125379135
2024-02-04 21:00:00,39825.432857462176,39823.806665008306,39785.867969072635,39812.42518613928,181.95796042641686
2024-02-04 22:00:00,39889.234771915464,39891.74731500836,39862.812828167145,39871.48453004788,190.42219265383386
2024-02-04 23:00:00,39857.37283771114,39868.4503865039,39854.775071351374,39858.64519939434,91.05366803419021
2024-02-05 00:00:00,39858.04237272518,39867.77303075197,39846.13402112542,39855.6773768152,104.80029248877685
2024-02-05 01:00:00,39884.03340594983,39897.30197044527,39887.690639241926,39896.16654634519,106.35193971498698
2024-02-05 02:00:00,39840.61870046041,39839.08707124594,39800.737107816836,39828.80322505146,28.42683446895508
2024-02-05 03:00:00,39842.405573412354,39853.872538612646,39838.984548486915,39851.7478098225,54.453140583481144
2024-02-05 04:00:00,39863.46914682539,39879.23050050032,39825.116616478204,39861.734942315285,72.22538339475228
2024-02-05 05:00:00,39882.50359793471,39899.24665308523,39884.725116459806,39891.28201815577,108.97978998952699
2024-02-05 06:00:00,39903.92120217633,39941.30530658621,39907.251309730564,39908.63213679024,61.2507823412132
2024-02-05 07:00:00,40049.252045736495,40063.8921496375,40048.80653988408,40055.95014518489,34.575327703945504
2024-02-05 08:00:00,40012.82274404441,40026.11337762009,39979.73682989104,40017.68574612981,79.93414314622561
2024-02-05 09:00:00,39981.512947204516,39993.016343131145,39970.92203377073,39985.825928829705,100.29022523210288
2024-02-05 10:00:00,39944.05134688482,39987.80975308984,39931.63122846018,39948.437497244224,244.28798044139128
2024-02-05 11:00:00,39921.77554138885,39953.34401572537,39903.78587714602,39915.108870094606,110.51577591285712
2024-02-05 12:00:00,39868.026740111716,39884.83103387963,39876.38349525174,39876.865642456214,219.81503555648533
2024-02-05 13:00:00,39949.97096573878,39950.43978638144,39922.32006745048,39948.20663432267,260.2088200971514
2024-02-05 14:00:00,40043.1805624205,40051.16040494834,40033.101800612276,40033.43688920206,38.05617697939787
2024-02-05 15:00:00,39995.08654066098,40034.34692236928,39973.788904575886,39999.19211157709,99.57975081514194
2024-02-05 16:00:00,39943.507426064854,39962.31197685966,39946.97966633146,39949.250777190835,44.94326012804967
2024-02-05 17:00:00,39975.69151357258,39991.767907021094,39973.145428689386,39977.53571057402,35.91172064313213
2024-02-05 18:00:00,39953.840129584045,39946.362678284124,39935.129921186905,39944.40232791716,212.38602159369154
2024-02-05 19:00:00,39983.931098030116,39984.50112328299,39968.900561414215,39982.37823698249,237.78605953776872
2024-02-05 20:00:00,39990.30390387671,40001.69054989365,39982.166126635,39994.55361823357,55.51198884153143
2024-02-05 21:00:00,39907.47998454324,39916.000651209455,39875.913032524746,39903.608971333735,36.25146016639484
2024-02-05 22:00:00,39987.64094621485,40006.76449490903,39967.45888719783,39996.45928341354,71.09815980398615
2024-02-05 23:00:00,40109.66281988282,40124.47028326442,40100.360681819344,40104.21194379927,218.85723021587657
2024-02-06 00:00:00,40070.71348083182,40068.582694130484,40067.27189604906,40067.44462237021,76.56695153179889
2024-02-06 01:00:00,40041.72006100494,40069.452542432446,40028.722631650424,40044.18252877405,172.62794545087323
2024-02-06 02:00:00,40054.625765829966,40064.1982000797,40044.91247468413,40061.33445221755,53.35789282627067
2024-02-06 03:00:00,40074.3084122385,40081.9468187374,40069.31198365088,40081.401859616766,121.69686686780776
2024-02-06 04:00:00,40125.19305466791,40123.11854545293,40113.01618898009,40120.914515977136,25.34625986853816
2024-02-06 05:00:00,40251.358632323034,40249.35876185342,40221.69157678287,40241.52678830312,183.9336897120422
2024-02-06 06:00:00,40225.81149267724,40277.06286020618,40224.77398057846,40230.90995465347,146.9552856606551
2024-02-06 07:00:00,40186.67921360958,40203.41385848387,40173.01270172931,40183.01211998117,29.82132014354466
2024-02-06 08:00:00,40083.556750151474,40118.921103801564,40080.004081732375,40100.25296630029,232.17882941038783
2024-02-06 09:00:00,40051.72022205852,40059.89018521518,40049.569180331535,40056.39716390378,56.08092325324191
2024-02-06 10:00:00,40054.16107406838,40063.52963767541,40034.200736767634,40054.40954553135,75.5961812281077
2024-02-06 11:00:00,40154.80555000656,40177.30021324303,40148.60102018876,40162.08301734242,59.96571451706269
2024-02-06 12:00:00,40123.53428840193,40151.127420467106,40122.76108349685,40131.02633940025,53.10748657282087
2024-02-06 13:00:00,40139.11138004683,40150.93686685997,40133.45138549841,40144.453616498584,166.9282648456726
2024-02-06 14:00:00,40145.80578456083,40153.68894626026,40138.95585339374,40143.46824273422,87.98491844979874
2024-02-06 15:00:00,40213.27320699385,40229.28922950148,40190.36216322189,40214.7718391411,97.81630400229649
2024-02-06 16:00:00,40348.48193482692,40381.294517911476,40363.58293154765,40366.38778469352,278.7734452406039
2024-02-06 17:00:00,40317.57005709722,40355.144374096475,40333.87155852063,40334.5356583183,64.55088448044725
2024-02-06 18:00:00,40300.31437034435,40317.955093258315,40294.23490301671,40305.169291767204,137.73796586844236
2024-02-06 19:00:00,40371.48043707978,40374.94942855173,40364.98372992611,40367.81894439135,66.43153359199368
2024-02-06 20:00:00,40386.75239502713,40418.21924701856,40406.02801056138,40408.73243376893,228.55819821482243
2024-02-06 21:00:00,40515.537031903885,40526.64754593965,40507.31185107946,40519.534873313096,71.47615382582205
2024-02-06 22:00:00,40550.36058158051,40566.14714379355,40532.42662627262,40554.57056443265,60.65097947364393
2024-02-06 23:00:00,40544.11974121109,40557.15584897206,40505.92942249512,40533.013038985424,35.40779191011306
2024-02-07 00:00:00,40565.37215433326,40571.86476696294,40558.95323825631,40568.45232882696,28.194344931714873
2024-02-07 01:00:00,40638.03845553987,40644.514059922614,40633.523142114136,40634.97454366194,51.61083621434048
2024-02-07 02:00:00,40685.33353165448,40696.5346147112,40669.04087850847,40684.20347453378,56.272327049903176
2024-02-07 03:00:00,40697.59538456176,40732.92918339805,40661.704088586666,40714.63991640022,83.70405944805785
2024-02-07 04:00:00,40784.78605550862,40787.18214439295,40759.97310102724,40778.64039777557,132.29974757486787
2024-02-07 05:00:00,40850.521305245966,40850.65845401316,40842.050724996414,40848.79813320231,149.10725944691114
2024-02-07 06:00:00,40935.793821781954,40947.69097276682,40921.11438838515,40931.72767266456,154.78340610504532
2024-02-07 07:00:00,41002.06016757143,40970.7979380497,40962.56841135129,40970.65026591994,265.4785457212585
2024-02-07 08:00:00,40943.95027758494,40985.95075892196,40949.820000785825,40960.62318110093,83.64114820046959
2024-02-07 09:00:00,40983.22357548502,40986.226713623975,40952.54117776992,40969.42600228693,56.53906420161738
2024-02-07 10:00:00,41039.51696012223,41051.88020900159,41041.19716985066,41041.81654027743,146.90176043521177
2024-02-07 11:00:00,40995.09903125342,41001.85725782237,40970.68285971248,40992.8004000182,94.80107608097943
2024-02-07 12:00:00,41014.55670058816,41020.79895003137,41000.718685052896,41014.92079855057,33.98856157439944
2024-02-07 13:00:00,40987.92657914374,41006.58693444708,40990.49542577042,40991.320469810926,45.70027293580998
2024-02-07 14:00:00,40988.486495761106,41008.4562124599,40986.708634593495,40993.045159187015,137.19443790362672
2024-02-07 15:00:00,41072.38834082804,41075.35129463258,41062.75944176426,41069.752270943456,39.232262890109205
2024-02-07 16:00:00,41069.08082545128,41090.88599239933,41075.710156011475,41081.21821502465,70.86002458477799
2024-02-07 17:00:00,41090.0090412542,41097.92809328419,41079.69094933651,41084.00440791402,111.87333884362253
2024-02-07 18:00:00,40999.083484216135,41009.86101548745,40984.95227996913,41002.41303945522,108.09276029686984
2024-02-07 19:00:00,41038.14769870453,41064.49063980662,41041.81839690066,41047.188253416854,204.5249370236003
2024-02-07 20:00:00,41082.317201421356,41089.934958853315,41073.02310157714,41085.91730428532,87.77315171769806
2024-02-07 21:00:00,41225.76978141855,41228.06561224304,41202.35405552479,41215.71258768365,102.13833602635954
2024-02-07 22:00:00,41192.96321289034,41205.01968316939,41165.598319977085,41197.24589358647,125.55724106614888
2024-02-07 23:00:00,41213.26254219198,41230.27405460286,41190.305014404104,41210.3949132463,118.43941533589609
2024-02-08 00:00:00,41219.510284063224,41237.76466569743,41215.059852971644,41225.35793426895,46.763081751968265
2024-02-08 01:00:00,41326.06850585415,41322.374745738525,41302.5544902273,41320.00513105476,53.844345255466465
2024-02-08 02:00:00,41319.77146102186,41333.36618412823,41298.25551429063,41314.28739911154,38.34259901770706
2024-02-08 03:00:00,41345.81756132413,41334.19963916982,41311.73869506001,41331.02869065776,72.02749522302551
2024-02-08 04:00:00,41366.09796967675,41383.44234060256,41351.176312705655,41367.50248124075,231.55755830448788
2024-02-08 05:00:00,41384.0482670682,41384.33353361662,41340.2914842398,41378.69902863014,80.92601229796566
2024-02-08 06:00:00,41352.69755207341,41372.17972310691,41325.649122628194,41351.913011757104,225.82159648441046
2024-02-08 07:00:00,41373.925385585906,41382.94959067378,41363.08563363108,41363.558411331,119.11082996367838
2024-02-08 08:00:00,41422.225657221716,41452.93230880474,41424.115719726324,41427.97631632259,221.99774911130356
2024-02-08 09:00:00,41372.34544086094,41370.964045255896,41356.922702313714,41366.385398357925,67.13220356613493
2024-02-08 10:00:00,41372.8060004378,41383.17445430382,41367.87828809373,41374.36357880673,150.52984104244015
2024-02-08 11:00:00,41331.84282449351,41353.56913923535,41321.59860139955,41332.356329910384,34.86708358822411
2024-02-08 12:00:00,41404.793147521465,41410.77003670191,41373.5738211814,41404.05912764588,154.22281810539587
2024-02-08 13:00:00,41314.68583653026,41320.1864249757,41292.84457656118,41312.66791335885,97.14265927555371
2024-02-08 14:00:00,41278.20277017758,41285.86074507047,41278.816211304795,41279.13260252256,182.15484832381213
2024-02-08 15:00:00,41303.48302049179,41305.34363933303,41284.799306493886,41301.76531502642,56.015454419384
2024-02-08 16:00:00,41408.32170124099,41415.05517810968,41394.68759480679,41395.69675678049,140.52053915526878
2024-02-08 17:00:00,41399.63533860103,41393.900624846574,41375.631825524615,41391.75174111611,35.21896221619542
2024-02-08 18:00:00,41365.39300625449,41374.88797628797,41346.704460676985,41358.439769514516,63.96100125653092
2024-02-08 19:00:00,41467.66487747276,41504.17800144843,41458.51171408475,41471.30919368095,41.21145239003166
2024-02-08 20:00:00,41377.31443303015,41407.44559118289,41380.716151441375,41384.428359655976,22.682066595963878
2024-02-08 21:00:00,41260.14240672467,41269.33561553932,41252.35503593907,41252.50000225877,138.39908332689325
2024-02-08 22:00:00,41285.909243602204,41285.797338499426,41265.71640966591,41278.90086926197,95.22524762348262
2024-02-08 23:00:00,41260.55898120682,41256.92847821889,41241.5684869006,41248.77761580081,25.851878221173834
2024-02-09 00:00:00,41182.67180176522,41187.550862676566,41165.8051974042,41187.50364677297,138.62348094390808
2024-02-09 01:00:00,41228.16864436805,41248.454889137516,41223.10714467621,41230.005033610934,288.9111867446951
2024-02-09 02:00:00,41231.517203137,41259.37332357875,41238.18855175929,41244.6330764372,77.17162000605497
2024-02-09 03:00:00,41207.648589744516,41231.78941944075,41191.271719597135,41210.788358593,38.391266407916646
2024-02-09 04:00:00,41141.94265875738,41142.779030874706,41127.53538391216,41133.970094672746,189.8245432042188
2024-02-09 05:00:00,41182.58557133573,41189.4019521742,41171.84598595502,41186.317534369555,241.01787312639286
2024-02-09 06:00:00,41230.45344340868,41226.572093604846,41205.82979446314,41225.329605047074,37.44193067766622
2024-02-09 07:00:00,41217.85502837233,41230.30163173486,41204.97447569901,41219.37905322031,61.68769837217144
2024-02-09 08:00:00,41332.76972920894,41356.39932901999,41303.26439498493,41330.17727298317,138.5603381603529
2024-02-09 09:00:00,41256.790655885074,41281.57311430214,41249.72500881369,41265.9721870036,37.66313009216138
2024-02-09 10:00:00,41175.12235234519,41185.53724420771,41146.86289739904,41174.44067674812,43.88750645118438
2024-02-09 11:00:00,41108.99710478804,41152.9453516589,41119.454432693405,41132.92619255524,42.17924403459848
2024-02-09 12:00:00,41128.69586230862,41135.976121038584,41124.67426367535,41130.191031573915,59.93125743644124
2024-02-09 13:00:00,41131.74761258356,41151.30893822465,41134.25339882427,41144.79139853328,87.17941385936719
2024-02-09 14:00:00,41139.96519119427,41133.92032272109,41110.33050984348,41130.3172350619,48.5171187559951
2024-02-09 15:00:00,41157.65981767487,41170.23755122427,41133.87304436216,41151.44055885275,165.28911519549973
2024-02-09 16:00:00,41080.08156125705,41088.196989234035,41054.373572209755,41076.348193401325,132.6160526889302
2024-02-09 17:00:00,41175.142119462995,41177.517605032015,41152.94724598293,41162.97406964572,85.56891433564076
2024-02-09 18:00:00,41150.45366677557,41162.94782995133,41143.07357952563,41158.04499894217,53.86887103078746
2024-02-09 19:00:00,41239.06165442078,41245.92222979062,41198.768476045116,41225.082748837456,146.0929148566536
2024-02-09 20:00:00,41253.1038021342,41248.58174758733,41244.228356106294,41245.64626962012,159.55267842234954
2024-02-09 21:00:00,41271.1590204716,41288.95280886798,41245.960126001795,41273.05146276935,62.88980578048399
2024-02-09 22:00:00,41316.32246076074,41308.01034351115,41267.23392124848,41307.23749958328,134.36113978568596
2024-02-09 23:00:00,41325.24966508502,41341.64636871367,41332.642676378025,41334.10001318432,55.98529693959347
2024-02-10 00:00:00,41366.06726548415,41377.444603505064,41355.91315965036,41372.66337877637,75.2498779811389
2024-02-10 01:00:00,41447.543812798394,41467.85970831244,41448.93111101539,41452.41253058431,36.74504515134842
2024-02-10 02:00:00,41459.97197910189,41466.05396172709,41456.720552844876,41464.2038007664,50.81399087896674
2024-02-10 03:00:00,41498.291565079635,41511.3797378672,41501.6117964548,41506.74402622171,47.41670525714487
2024-02-10 04:00:00,41511.14454910124,41511.1952003564,41498.433730683144,41501.35988456448,100.04785672740249
2024-02-10 05:00:00,41585.69608228849,41591.3025861643,41579.70473692235,41587.76691749145,205.40676888877223
2024-02-10 06:00:00,41550.00341911475,41561.27532799768,41538.50648343475,41547.183379367896,63.5974410066254
2024-02-10 07:00:00,41650.67699441123,41672.028479106004,41654.07739084415,41655.23980534254,55.58872120331698
2024-02-10 08:00:00,41638.2655018995,41657.24716466771,41651.95387651892,41652.830328303884,84.04342976074315
2024-02-10 09:00:00,41569.14428104393,41588.775155353695,41554.587772416846,41566.9838221768,199.15431473045933
2024-02-10 10:00:00,41559.37204726809,41597.601304829564,41558.67960449703,41574.67008707145,66.92296002386917
2024-02-10 11:00:00,41533.257915254275,41535.02267709378,41533.03385449384,41533.80698762296,197.53781142330473
2024-02-10 12:00:00,41573.299080251614,41599.37233155048,41555.565518526484,41584.24560056227,99.08285919916047
2024-02-10 13:00:00,41560.986369797974,41576.37662997013,41527.62725951534,41545.08816180413,179.43756938535725
2024-02-10 14:00:00,41525.608057588644,41540.39771190665,41498.079470077915,41518.317155811244,118.0960552038047
2024-02-10 15:00:00,41405.790742284684,41425.552234327995,41404.578234351844,41404.944711954515,129.61502955586673
2024-02-10 16:00:00,41387.9159862208,41398.483377211494,41372.99136934428,41377.80633279957,56.84470847021862
2024-02-10 17:00:00,41225.60304538211,41234.11094201024,41217.340030701285,41232.37357320183,26.148300263862986
2024-02-10 18:00:00,41141.68723882205,41143.18347165407,41113.93557084973,41137.33940379269,95.07015124100006
2024-02-10 19:00:00,41184.5627666311,41216.27059829537,41153.6902394681,41182.964283161346,46.79259061199715
2024-02-10 20:00:00,41232.224453331066,41248.08178911865,41210.380673074644,41230.112292680395,56.86954707940778
2024-02-10 21:00:00,41265.81857438835,41268.94594303419,41235.998084866456,41255.6397463875,184.29134993154216
2024-02-10 22:00:00,41203.48111462198,41201.922789485485,41193.46783746321,41197.621177799745,31.846507334680755
2024-02-10 23:00:00,41197.068285733825,41196.966575611514,41184.68268459236,41194.75849643123,119.17067890301196
2024-02-11 00:00:00,41181.30324459597,41203.014979464795,41175.72992928086,41194.54234408579,47.04217820530397
2024-02-11 01:00:00,41117.360092372,41149.57742982627,41116.71521221107,41125.040462734236,219.9995911073028
2024-02-11 02:00:00,41214.262689371506,41218.55999779332,41194.20882158891,41215.24436084027,101.4001555202592
2024-02-11 03:00:00,41268.63307726902,41268.92664531468,41236.51968418382,41267.88609827481,93.69722374966216
2024-02-11 04:00:00,41245.58661804763,41257.51720162599,41254.29170706531,41254.62824784502,202.94206173390836
2024-02-11 05:00:00,41275.53481158933,41292.12304271381,41255.37214005826,41256.2413981847,73.39356690743034
2024-02-11 06:00:00,41280.87551910358,41300.23471062784,41259.923216534036,41268.74436666155,212.12891673972712
2024-02-11 07:00:00,41151.05722111923,41156.48861977792,41131.805097017095,41146.24027455609,127.02086955137753
2024-02-11 08:00:00,41131.98592649513,41133.131665336245,41117.22130925654,41131.40963160486,38.557964787300016
2024-02-11 09:00:00,41088.792904965776,41098.99215261775,41074.38624756638,41090.49057672499,237.59521664205903
2024-02-11 10:00:00,41022.77802845112,41040.25396444122,41020.930692869435,41030.393376131295,22.318196512620283
2024-02-11 11:00:00,41014.14720270629,41014.26183402102,41009.05935648378,41013.52735855814,32.19560642401096
2024-02-11 12:00:00,41123.450570490255,41132.059708861096,41109.85307533748,41121.38855016911,160.06612799652476
2024-02-11 13:00:00,41149.905037241275,41206.53277486079,41151.928285920534,41159.83912184513,210.6136611488134
2024-02-11 14:00:00,41128.24179379612,41137.6889252992,41125.491782977755,41125.568382458165,102.19846149724971
2024-02-11 15:00:00,41158.68127694893,41172.64433330999,41153.941892873154,41159.92334933953,116.14181167858193
2024-02-11 16:00:00,41228.62221507167,41250.24107076503,41232.10689930004,41243.88467553469,111.84825872160194
2024-02-11 17:00:00,41292.479616423225,41306.16390813522,41272.697482073905,41299.36269650946,148.80952428925343
2024-02-11 18:00:00,41299.63167443729,41329.875166294114,41292.21933395633,41302.940518704665,79.84278945626534
2024-02-11 19:00:00,41279.225813301055,41269.07566491785,41260.61845117455,41264.12431204233,253.0997229154124
2024-02-11 20:00:00,41310.47013585542,41317.010147086476,41295.40584519619,41306.01771085915,38.650691903331165
2024-02-11 21:00:00,41318.94298143165,41348.74031577061,41317.97285859913,41329.626833984454,158.68490899002984
2024-02-11 22:00:00,41387.226717501464,41399.06566695188,41359.219701269336,41383.33842718612,44.312692750168864
2024-02-11 23:00:00,41409.07030337553,41428.7653576033,41401.146930572715,41421.448735287035,137.60050833606726
2024-02-12 00:00:00,41493.08342663729,41495.43539803576,41464.22332326704,41484.421898206194,56.618100304996716
2024-02-12 01:00:00,41448.538788298014,41454.43073007263,41430.652730725065,41452.30778551256,157.77090396769194
2024-02-12 02:00:00,41530.60233994071,41555.32625656524,41526.98074467838,41531.351429450624,61.01047048562472
2024-02-12 03:00:00,41553.8137789125,41554.210622934756,41542.724629426615,41543.207405732166,175.79911276026832
2024-02-12 04:00:00,41657.425749541006,41667.85481291315,41654.630801842,41667.72305808968,322.50164078872814
2024-02-12 05:00:00,41615.1948435234,41629.93703875872,41615.39057473281,41626.371789004304,37.85705140155084
2024-02-12 06:00:00,41725.860822583454,41731.678753251,41725.89362364315,41730.529617194225,45.67117596213984
2024-02-12 07:00:00,41750.71129501013,41750.08071757111,41736.33191306985,41742.40426420198,137.23348872582585
2024-02-12 08:00:00,41691.164415381296,41734.8904265709,41702.79273698334,41703.31918398511,224.07526995816534
2024-02-12 09:00:00,41651.628789156974,41704.918702599876,41661.47704031495,41674.286033941855,108.1691856167251
2024-02-12 10:00:00,41651.45592458292,41657.395070438186,41635.70828432955,41655.065195450195,43.33897818377312
2024-02-12 11:00:00,41684.92907863359,41686.48736121115,41679.687163596354,41680.51515223431,99.90533884476682
2024-02-12 12:00:00,41721.487375514356,41712.753897764596,41681.15465765096,41711.88528151644,42.635729788157605
2024-02-12 13:00:00,41673.75799038345,41688.490033291,41653.08089722713,41677.46328128013,212.96806966072745
2024-02-12 14:00:00,41672.71059288754,41678.79087295869,41667.650324151815,41676.00200574446,144.27248672544732
2024-02-12 15:00:00,41813.769433135225,41828.5291486941,41804.04864471082,41804.53822726118,125.727067046892
2024-02-12 16:00:00,41893.232883869656,41942.34711493802,41891.13010100279,41908.19081746722,25.67584917544735
2024-02-12 17:00:00,41931.2620714462,41952.887917624,41928.378197058635,41934.370237647665,103.36029489423015
2024-02-12 18:00:00,41938.17383745716,41952.12994059546,41931.99335502504,41936.65044633776,72.38178359186523
2024-02-12 19:00:00,41947.44607571114,41950.45621400665,41926.94336905254,41943.852325940854,148.60164486687077
2024-02-12 20:00:00,41976.584950759156,41999.984540177466,41963.309283346236,41980.66340430468,55.42697100142913
2024-02-12 21:00:00,41919.57137848642,41919.513485381714,41914.45828048843,41919.29585039277,101.53339819012993
2024-02-12 22:00:00,41883.946639320064,41922.39529508783,41883.391668240096,41903.85325814737,21.44288346958258
2024-02-12 23:00:00,41798.472226416045,41822.553289126074,41795.760047460375,41803.738213714714,48.74670307245194
2024-02-13 00:00:00,41831.31967077147,41838.65661047282,41820.17784113475,41827.691601071034,78.70140207653525
2024-02-13 01:00:00,41858.66500517916,41874.599881811446,41851.788493369044,41866.523357453196,161.57320992494104
2024-02-13 02:00:00,41838.00404348795,41848.268183332795,41813.4518302798,41837.53216971523,23.522204253883345
2024-02-13 03:00:00,41935.54635551906,41967.88680402137,41913.61233034907,41931.971375512636,67.4368703179197
2024-02-13 04:00:00,41855.68504212564,41891.20185915804,41834.85413575742,41858.4254357325,23.962796863163987
2024-02-13 05:00:00,41771.926653087874,41780.86367306495,41756.57737427217,41770.5629429199,181.63294932667947
2024-02-13 06:00:00,41776.32819151123,41808.38832692568,41749.74339336609,41784.03005203351,112.88273288852629
2024-02-13 07:00:00,41845.20305995267,41852.603473036615,41835.11707975201,41846.855950190235,20.897695608889595
2024-02-13 08:00:00,41952.773341034415,41955.37804891977,41936.395784529115,41947.8916116777,46.00269169972078
2024-02-13 09:00:00,41921.61433959332,41945.74261838022,41914.15013177145,41920.35855590557,55.47986617783995
2024-02-13 10:00:00,41980.387155754936,41987.63519239227,41978.16744725721,41985.07940591145,68.3959525000189
2024-02-13 11:00:00,41984.562628975735,41994.961251596455,41959.93388296718,41982.76889774141,239.07895947975297
2024-02-13 12:00:00,41978.12813807005,41984.832141968356,41960.44163092623,41972.41125974496,56.18315549232166
2024-02-13 13:00:00,42009.031325765536,42041.497063500196,42017.10421757523,42025.43085599416,198.13268818321114
2024-02-13 14:00:00,42073.84282121861,42095.6875239642,42064.387683464716,42064.57022869896,173.3937136951384
2024-02-13 15:00:00,41967.296661370456,41970.31722223997,41968.593581759014,41969.98669927991,27.30194240035133
2024-02-13 16:00:00,42061.98303972938,42075.40704283537,42039.50589245007,42058.57912026346,43.20091396155473
2024-02-13 17:00:00,42150.96257690147,42144.18478594701,42124.08833653621,42141.384601512305,127.61567984398822
2024-02-13 18:00:00,42092.877449843894,42114.78679409677,42089.333922386686,42103.850839421735,70.67897569398497
2024-02-13 19:00:00,42121.923523408565,42132.86653344239,42121.614169065455,42127.599051427984,155.43614172550485
2024-02-13 20:00:00,42154.93247303794,42162.36576608424,42141.49012698164,42157.240862604944,28.508643503284254
2024-02-13 21:00:00,42166.61126038538,42176.95101322541,42168.01141502184,42172.88128855438,60.22003678716618
2024-02-13 22:00:00,42153.742471930345,42158.11169138569,42137.71811980152,42139.862979323654,229.3439466327265
2024-02-13 23:00:00,42092.71140049675,42116.388529458745,42073.675417967366,42099.56557724737,102.83314798846456
2024-02-14 00:00:00,42093.58795875199,42108.67262070471,42093.976832536464,42098.03233298788,42.02483864197587
2024-02-14 01:00:00,42170.03118639627,42168.687947976236,42167.9853093374,42168.39607414345,33.79411177902111
2024-02-14 02:00:00,42191.3948872105,42203.08976708822,42171.715475445024,42201.01208341911,197.86777084127704
2024-02-14 03:00:00,42175.609777799895,42185.133574128784,42168.47087401247,42178.77522349395,158.19986996569708
2024-02-14 04:00:00,42227.61677222285,42229.65497881506,42202.0362284072,42225.07714613285,32.252367066972674
2024-02-14 05:00:00,42051.50170565998,42069.868265812365,42045.20152330663,42054.164588895044,24.50636919926755
2024-02-14 06:00:00,42122.34343604617,42128.11919214539,42112.420982513126,42123.09053091737,68.0769966007804
2024-02-14 07:00:00,42014.473047291096,42038.823674890205,42016.95084094843,42018.70770419068,114.56915046844054
2024-02-14 08:00:00,41984.84548523305,42008.1160243396,41993.417893012534,41996.961247706495,74.76271677592355
2024-02-14 09:00:00,41932.35379971964,41932.8542039869,41915.69372048237,41929.78105402893,64.04895752218196
2024-02-14 10:00:00,41866.13963005885,41852.57110346867,41846.33435483678,41852.100165485674,127.59026487766299
2024-02-14 11:00:00,41921.89698577465,41945.86344732438,41918.66326782323,41921.749772728384,88.81369920264787
2024-02-14 12:00:00,41895.48981358764,41893.996109009924,41869.603403161185,41893.687700649665,199.00086305621693
2024-02-14 13:00:00,41920.01971559445,41918.81568865029,41883.26682567265,41914.47793355351,106.97952481829981
2024-02-14 14:00:00,41901.50805484838,41929.34655119023,41893.57542251002,41911.66269882076,130.7573078168517
2024-02-14 15:00:00,41953.905265719186,41943.58019023941,41926.23321992975,41940.285148454146,82.47567278747587
2024-02-14 16:00:00,41946.51309228915,41954.03735259589,41924.31327410872,41944.894461917764,211.71436750021476
2024-02-14 17:00:00,41880.96978365916,41891.24553447407,41850.21579651587,41867.914928466445,198.81650265198095
2024-02-14 18:00:00,41921.826673669086,41930.70361403001,41916.71246659476,41927.69093763328,266.5417867285712
2024-02-14 19:00:00,41912.61003802406,41899.57740873327,41879.24776210788,41898.0655426436,205.13681285236183
2024-02-14 20:00:00,41810.871872676296,41805.28994055783,41792.66009951083,41804.670628724016,60.29431267756996
2024-02-14 21:00:00,41783.40803975288,41794.54110254593,41748.08604404,41778.98371906606,158.5561206474613
2024-02-14 22:00:00,41870.90150213894,41874.04588422685,41860.64844894995,41869.02930650412,147.881923738348
2024-02-14 23:00:00,41918.05438208633,41942.21368950627,41917.69545038908,41920.04261103093,222.04790811368585
2024-02-15 00:00:00,41908.72773623424,41914.027325700365,41893.97958730663,41899.12348296645,32.88543420920544
2024-02-15 01:00:00,41879.290899666135,41880.206889215624,41859.51598378216,41878.16802070735,212.68135496989453
2024-02-15 02:00:00,41843.13336000561,41860.13691943016,41847.1792877554,41858.86991763431,36.99951582466919
2024-02-15 03:00:00,41974.5373049543,41999.51361405428,41973.696467909984,41983.474796647955,56.27874804179299
2024-02-15 04:00:00,42004.90415776431,42020.73534881322,42001.756523562886,42006.39092378185,185.07163571650503
2024-02-15 05:00:00,42034.67341447864,42067.06352220111,42000.62468063184,42032.193422613316,68.49143741988796
2024-02-15 06:00:00,42093.557721944024,42094.26552097248,42091.93925372896,42094.010429855225,264.26377480635136
2024-02-15 07:00:00,42118.089545715164,42115.91309572093,42080.04584883755,42108.33777939682,259.0513288996944
2024-02-15 08:00:00,42077.18643573526,42094.0630277848,42091.99936095358,42092.79525064757,35.73336064165792
2024-02-15 09:00:00,42082.16296319452,42091.718029751086,42068.03491336045,42081.014259702475,89.30411168230553
2024-02-15 10:00:00,42062.174350334535,42104.02958830466,42069.56503722797,42076.71818413763,103.66856556683756
2024-02-15 11:00:00,42080.56254831091,42085.07145219347,42049.32811189424,42074.48484994704,61.702993102262965
2024-02-15 12:00:00,42117.38695284972,42139.02199827954,42096.23510907398,42118.14262256526,158.78662604808036
2024-02-15 13:00:00,42124.61625548989,42146.82090688459,42103.390465489225,42121.2593757137,173.74863842275764
2024-02-15 14:00:00,42158.306716661915,42166.94442575548,42155.09072450053,42165.21778034663,165.97368647324961
2024-02-15 15:00:00,42170.610504993376,42165.563575475826,42134.63428681545,42160.374785540116,38.6613924516273
2024-02-15 16:00:00,42173.426694271555,42178.4302043309,42124.430982473474,42165.09289695908,171.54377044738135
2024-02-15 17:00:00,42049.86921031125,42062.027122429994,42044.24467660459,42045.20085588715,167.54315014608633
2024-02-15 18:00:00,42099.1443783944,42111.683476939375,42087.01825603697,42100.180516369306,32.86751461029833
2024-02-15 19:00:00,42125.608683205544,42121.99090896191,42099.86351700142,42120.96982492318,79.98452414060387
2024-02-15 20:00:00,42175.19529097086,42196.281966386116,42177.55016109987,42180.850431514766,60.93115185699298
2024-02-15 21:00:00,42013.91955409531,42014.60038450067,42005.16400573729,42007.07510882314,142.63557860720042
2024-02-15 22:00:00,42145.57343826458,42136.10246824773,42130.83790818189,42132.37759110999,107.98151809070693
2024-02-15 23:00:00,42132.56709790051,42125.17397944922,42119.535271077315,42124.002213420674,185.37712165971354
2024-02-16 00:00:00,42184.65636266647,42196.496720257834,42180.9948027732,42190.49318242493,138.8747868052709
2024-02-16 01:00:00,42130.99016533558,42131.12362037433,42122.28437930745,42128.098826797395,61.182988242405436
2024-02-16 02:00:00,42154.52012875108,42180.314845222805,42135.84079934254,42164.86526110115,111.07780345521353
2024-02-16 03:00:00,42106.23944980014,42102.35151563523,42099.41990487599,42101.66032731073,73.769400921547
2024-02-16 04:00:00,42067.839016971884,42080.33951955275,42028.72202486838,42064.23418966898,203.88564591051463
2024-02-16 05:00:00,42164.11754018473,42180.2923090445,42173.76951143761,42179.076070900985,70.4644047084883
2024-02-16 06:00:00,42158.34085610389,42174.84484597751,42152.94562340095,42167.63512685519,241.77309249266628
2024-02-16 07:00:00,42178.415988072025,42218.77182358772,42178.23069392223,42180.68109924597,84.8021362067769
2024-02-16 08:00:00,42230.47828511017,42233.483578843574,42213.17403836443,42232.885163087296,147.46009371063923
2024-02-16 09:00:00,42252.9502608823,42283.68966985958,42248.39484593664,42262.626076365654,58.821793614134855
2024-02-16 10:00:00,42274.76304050908,42273.66391383442,42255.73236679658,42271.65121067427,21.71446542607869
2024-02-16 11:00:00,42295.560659693765,42301.33925200681,42287.04802732195,42293.54887082224,129.31332846073704
2024-02-16 12:00:00,42436.19965288071,42462.85426512882,42411.455883905546,42437.75380593653,213.55738047116654
2024-02-16 13:00:00,42428.25034611326,42443.1384641136,42428.81938891655,42434.29667811452,107.50843391729036
2024-02-16 14:00:00,42454.752277928754,42470.09904052777,42433.75522613482,42446.36262091742,29.98061263215434
2024-02-16 15:00:00,42522.64514158259,42521.65443984934,42499.09330792195,42509.40188467788,185.280203543401
2024-02-16 16:00:00,42571.86494878458,42596.44242124385,42569.196594711,42575.73344065536,283.0374387535857
2024-02-16 17:00:00,42642.05792365174,42653.497590611594,42634.333516277045,42646.95525898898,190.66814018082482
2024-02-16 18:00:00,42689.20873363403,42689.1433795934,42678.111474550176,42685.27907231073,101.79610684020668
2024-02-16 19:00:00,42613.83454250893,42617.7432793464,42616.029679564155,42616.6987775469,21.693002750374983
2024-02-16 20:00:00,42713.589491879655,42725.04213634108,42694.57196751629,42714.70466948496,92.66163813489983
2024-02-16 21:00:00,42651.84117111764,42656.17846013814,42616.91262972195,42645.92394590384,27.728902691833046
2024-02-16 22:00:00,42648.80722511813,42668.18801260069,42663.73586393393,42664.08207381819,88.51348335246472
2024-02-16 23:00:00,42629.37194141585,42619.03957811127,42609.451968897214,42618.825522817024,117.72833851918287
2024-02-17 00:00:00,42615.55866621608,42617.221191384226,42612.075493396565,42614.97722202144,88.4583303295629
2024-02-17 01:00:00,42631.41102148316,42636.17037426028,42615.05498909815,42634.702966639656,139.32974338491013
2024-02-17 02:00:00,42653.2705263329,42660.524486195005,42652.86921962029,42653.98439956667,166.4660724717479
2024-02-17 03:00:00,42678.99907966095,42691.95723746541,42676.531373187994,42679.299644820785,261.62651535784397
2024-02-17 04:00:00,42762.272710536745,42782.01183269907,42767.237377759106,42776.12232096431,49.291813220286386
2024-02-17 05:00:00,42815.29388487477,42810.13816190778,42801.84467183088,42803.334379055144,52.869330421661466
2024-02-17 06:00:00,42789.015585995876,42812.41832843891,42782.8288498635,42788.68498093771,202.78069570086174
2024-02-17 07:00:00,42850.074228078585,42847.2836265225,42838.78805044122,42846.53021103501,83.769368136611
2024-02-17 08:00:00,42925.51083853508,42925.09105359051,42908.11051597224,42917.89844037049,43.169848880793516
2024-02-17 09:00:00,42836.07267180178,42855.176089380824,42835.07431418198,42844.24197146227,146.03834627316263
2024-02-17 10:00:00,42883.87375084554,42890.47123726676,42872.166065326775,42880.08597565326,93.3201348907555
2024-02-17 11:00:00,42920.01521146472,42932.041929315244,42901.86030278941,42922.15634019191,115.56080236985989
2024-02-17 12:00:00,42911.07669619204,42912.91404011956,42855.987284650524,42904.30252999031,20.194606035605617
2024-02-17 13:00:00,42969.8271194262,42994.89114728738,42980.910956267566,42986.84493878901,41.26017381377143
2024-02-17 14:00:00,42977.04884916513,42993.349819390925,42977.327526354056,42977.84160356706,49.86727629599077
2024-02-17 15:00:00,42980.55362552908,42991.48809238472,42960.16313388678,42985.37619077535,66.9387646703411
2024-02-17 16:00:00,42978.44998492339,42988.611316022725,42970.345979631275,42974.99188131832,71.48446977111986
2024-02-17 17:00:00,42979.68697767215,42977.778821310676,42968.79034429573,42975.926624173204,224.57430869481374
2024-02-17 18:00:00,42904.48911180092,42912.01440561693,42901.30553048913,42910.15011895949,49.754504879346754
2024-02-17 19:00:00,42818.04967509043,42826.91782945111,42783.96964505816,42823.74706600384,77.59617753784718
2024-02-17 20:00:00,42918.53204684888,42930.61654026637,42898.921528619525,42919.41736979734,81.91771872188954
2024-02-17 21:00:00,42861.42655107971,42873.48335615004,42857.533638327965,42868.59968889823,70.02476751080485
2024-02-17 22:00:00,42815.85201749447,42843.25352934557,42798.81763172956,42809.11614793086,99.03583433486116
2024-02-17 23:00:00,42676.95908351105,42692.69611075959,42668.796634404396,42679.91274111463,47.86334055707931
2024-02-18 00:00:00,42618.31913049869,42649.346561783714,42628.424579968974,42641.57503625326,139.44982285393695
2024-02-18 01:00:00,42559.191072195834,42570.12766379598,42552.28274936354,42562.18964864881,89.06743109964381
2024-02-18 02:00:00,42652.40220769024,42673.74986306182,42654.92815964331,42660.71055825699,55.406742776677056
2024-02-18 03:00:00,42708.24937709387,42721.46259067308,42690.228925927484,42721.299583617554,75.54275428572558
2024-02-18 04:00:00,42670.111149801116,42682.070850097996,42662.494434023974,42680.01056290689,57.53866841202157
2024-02-18 05:00:00,42816.03197900222,42858.929314553454,42803.53103678231,42815.15671122755,88.8520531882281
2024-02-18 06:00:00,42884.69176707303,42876.82482768229,42861.24523850597,42874.062640447046,187.7413168437798
2024-02-18 07:00:00,42857.07823322745,42871.5254383788,42848.52676941598,42854.57275743653,162.94076539281147
2024-02-18 08:00:00,42699.756387438385,42708.70357530653,42700.5248636642,42704.60841454411,84.97676078086027
2024-02-18 09:00:00,42845.71220246093,42873.184569462755,42841.20591273723,42842.06496889956,32.2407536152714
2024-02-18 10:00:00,42755.01789841199,42760.06997263281,42750.46961702313,42758.69062089374,100.52213659013239
2024-02-18 11:00:00,42654.409893123026,42660.207075310755,42639.874355578395,42659.96669607633,148.15973336707663
2024-02-18 12:00:00,42712.08602065104,42733.23992774109,42710.18512644045,42721.32092199691,132.67633624457505
2024-02-18 13:00:00,42853.691435923254,42882.31040011868,42865.966110292444,42867.706066377265,27.6653399397616
2024-02-18 14:00:00,42947.643045835415,42958.31597977151,42922.294126098015,42950.76243548789,170.48271829142197
2024-02-18 15:00:00,42985.8614106104,42986.85619291048,42982.88979461483,42984.59698269104,139.87236514947097
2024-02-18 16:00:00,43019.50925383083,43031.77405565011,43004.003909236024,43020.28224319095,52.71602171832971
2024-02-18 17:00:00,43068.15944129419,43088.408115039885,43070.908849186,43071.48717671777,61.067069530921465
2024-02-18 18:00:00,43109.45692361941,43121.67131379569,43109.76801254341,43117.02289210498,151.84152481212618
2024-02-18 19:00:00,43138.76034707662,43152.99816077209,43130.193511181424,43133.89437754314,25.348353306712596
2024-02-18 20:00:00,43129.60938842068,43146.36584728883,43137.62014809981,43140.14644378025,95.74692283661398
2024-02-18 21:00:00,43142.599079417036,43151.31846550477,43127.336170021874,43136.390856106285,158.1471989008573
2024-02-18 22:00:00,43083.13524462287,43099.398228568636,43070.53381176064,43091.152980774285,152.59966421652973
2024-02-18 23:00:00,43068.29299426345,43101.33392765127,43068.91726344698,43074.312476162275,65.30373782717902
2024-02-19 00:00:00,42961.000785785625,42992.2588870526,42954.928902129424,42972.735067310554,170.91357350919813
2024-02-19 01:00:00,42962.82347252778,42994.62996694633,42952.362843638424,42966.83468970287,84.01429349310806
2024-02-19 02:00:00,42915.32172294163,42909.39252655406,42901.299765641605,42907.51922327381,143.19505794610149
2024-02-19 03:00:00,42845.428888948416,42841.53933118023,42830.43932622775,42841.303864240865,74.97643878100635
2024-02-19 04:00:00,42859.9248902063,42855.377402911436,42847.38084444695,42852.09751331007,31.417774769278417
2024-02-19 05:00:00,42939.79479085822,42942.31245821926,42930.23327471306,42935.61765049075,66.61758881257771
2024-02-19 06:00:00,42981.88728822264,42993.72623633327,42979.77005279537,42990.71664685089,45.9201705887736
2024-02-19 07:00:00,42893.84029683888,42901.9992667916,42882.52158495901,42896.486610633496,60.07581796114284
2024-02-19 08:00:00,42830.86732940634,42852.71538582895,42836.46345783946,42837.10892243928,40.54152437556793
2024-02-19 09:00:00,42904.19979295089,42922.88092527335,42883.25232505339,42893.555193718574,27.933487274240843
2024-02-19 10:00:00,42825.03164093486,42840.14004169174,42803.62640848066,42834.60595010627,225.10716790431152
2024-02-19 11:00:00,42828.27754262157,42824.33509301557,42789.3034914965,42821.12796110645,67.00376192125673
2024-02-19 12:00:00,42861.27471800879,42867.90072861708,42849.88380877472,42854.13108704792,30.704395723000157
2024-02-19 13:00:00,42810.667381369836,42821.997964232614,42765.654821050965,42796.030419756105,213.2351576579445
2024-02-19 14:00:00,42799.07545738383,42811.88409832829,42799.98154164621,42802.35295012486,132.74782007047497
2024-02-19 15:00:00,42728.00999770642,42722.930810734884,42721.809768410174,42722.311420429774,236.99543941994173
2024-02-19 16:00:00,42704.48257648501,42694.569693245336,42685.00094609911,42686.2293617927,94.16821927160503
2024-02-19 17:00:00,42700.47514442578,42714.28554967328,42690.54841114735,42705.41627784125,61.583242197560054
2024-02-19 18:00:00,42597.55633184909,42637.53524954642,42598.62497925794,42609.83665382935,141.0119624637375
2024-02-19 19:00:00,42621.22505783571,42642.694956010724,42631.79699524162,42636.26513810697,203.56987460049098
2024-02-19 20:00:00,42640.78856640226,42650.52847851028,42628.33453566217,42635.08687017137,204.4876076821148
2024-02-19 21:00:00,42653.17106577194,42673.28969433818,42666.67089069483,42668.236267436405,189.6932468728138
2024-02-19 22:00:00,42678.69256305678,42694.36763000217,42655.03875274168,42681.67111548028,318.4948110447355
2024-02-19 23:00:00,42767.018046775025,42777.40462442126,42741.331601003345,42763.519541278714,74.98676351078012
2024-02-20 00:00:00,42772.51441573222,42775.99463487793,42768.93823632434,42771.03301143758,219.7030465740679
2024-02-20 01:00:00,42748.67223788355,42752.92109117483,42744.293309502245,42745.268678970075,77.12750693334402
2024-02-20 02:00:00,42754.384847998415,42754.848370496955,42740.40732306104,42752.606529152006,78.87346808319832
2024-02-20 03:00:00,42795.4353374007,42796.765664038474,42772.546602732815,42785.20441089419,53.9311193155242
2024-02-20 04:00:00,42780.51748406782,42823.86171808972,42761.980926077784,42788.136015113734,154.50763685217913
2024-02-20 05:00:00,42785.1555554783,42802.980058200825,42788.21917134449,42790.571516585966,224.5730893073653
2024-02-20 06:00:00,42742.2707397554,42765.849614813385,42744.23355793428,42748.45201531756,146.30567728816985
2024-02-20 07:00:00,42715.3194947594,42716.26745324932,42686.33396912279,42708.677960264504,241.15242874972108
2024-02-20 08:00:00,42631.72483266368,42639.90966554607,42605.46621326165,42624.52164395653,49.67257425305071
2024-02-20 09:00:00,42733.10605110229,42730.43121879202,42712.175842046985,42729.49624854774,126.38953913091795
2024-02-20 10:00:00,42664.332403759385,42656.472003153154,42619.35323896386,42654.86445442426,194.147155868139
2024-02-20 11:00:00,42603.86581561749,42629.46783367698,42607.62366924367,42613.29014255651,130.9122083114086
2024-02-20 12:00:00,42583.52349951476,42572.815124570916,42550.82157332995,42570.18570662235,165.5815026069908
2024-02-20 13:00:00,42636.06707821272,42629.87093326481,42617.776553743424,42623.88116923902,83.94700642724479
2024-02-20 14:00:00,42612.06916451947,42611.59008946677,42605.97411403093,42606.1841885415,94.07428482546646
2024-02-20 15:00:00,42695.30310417209,42688.61303070269,42672.59189477682,42681.048712901924,164.26988040334052
2024-02-20 16:00:00,42627.38628978587,42645.00374639935,42631.76835449972,42640.63927544729,164.7842868145163
2024-02-20 17:00:00,42653.18334009062,42664.98405506977,42634.05094716851,42657.37892518072,52.28632316188485
2024-02-20 18:00:00,42601.37567429968,42614.966611384865,42590.54011726001,42607.258101985135,128.01922734483955
2024-02-20 19:00:00,42741.7388842416,42753.95132062145,42709.87897236895,42735.96704965154,69.61384441661544
2024-02-20 20:00:00,42656.31001859295,42691.482770097544,42648.11048814546,42664.71114450977,54.36640927464682
2024-02-20 21:00:00,42689.360348318085,42683.502142592675,42649.18107165529,42683.30038712339,42.63137949769859
2024-02-20 22:00:00,42732.291289131295,42724.69979581624,42718.26505344623,42721.32699997932,132.67486138818217
2024-02-20 23:00:00,42751.71656902708,42760.086827048195,42699.38972888829,42746.154945826405,203.57288961312034
2024-02-21 00:00:00,42737.30769448303,42779.07255482866,42734.857032999345,42735.03768629374,199.31162348794865
2024-02-21 01:00:00,42719.34545758253,42743.34836479308,42710.436929549294,42727.248444309735,41.70453337789189
2024-02-21 02:00:00,42723.10232489948,42736.309851512575,42729.01617067168,42729.877132628484,78.98532965682855
2024-02-21 03:00:00,42731.05396377315,42727.29456507507,42720.29500070149,42721.05701253078,95.24583376372891
2024-02-21 04:00:00,42785.124551569716,42787.89295402463,42776.48001043317,42778.88975953847,232.16680630092768
2024-02-21 05:00:00,42911.20898347893,42925.89012046219,42901.587194901556,42911.52113963395,22.34550137578181
2024-02-21 06:00:00,42874.728356167354,42905.185760150016,42862.48496500796,42878.07163253348,26.33061296009188
2024-02-21 07:00:00,42779.67699077385,42803.47581859065,42770.570232930186,42795.88345375874,98.41747783420888
2024-02-21 08:00:00,42782.01971150818,42806.42699285716,42786.90981659207,42790.58653085766,28.26873597451665
2024-02-21 09:00:00,42960.660443814035,42949.223267993744,42934.46718042089,42945.36909111692,35.91248938885961
2024-02-21 10:00:00,42886.904972470715,42901.76610262645,42887.7263760424,42897.148617038736,161.24007641484047
2024-02-21 11:00:00,42997.011463935145,43026.519015987964,42976.19989331045,42995.49562536538,177.496076413826
2024-02-21 12:00:00,43104.217225995526,43117.12475638633,43092.30188807777,43096.157674209964,84.36670626170914
2024-02-21 13:00:00,43052.90299836347,43080.98102728587,43058.77909200508,43062.942379707485,220.53765977544185
2024-02-21 14:00:00,43098.55904825685,43099.7800800018,43083.0847733008,43097.0813644586,120.60342560009693
2024-02-21 15:00:00,43202.288486146404,43207.35261987476,43179.83118745028,43194.78516184632,165.51885591479765
2024-02-21 16:00:00,43172.13749196232,43173.567418136605,43161.714417790274,43172.037497387064,113.8331042542302
2024-02-21 17:00:00,43182.76990022626,43172.459165232816,43153.168573327814,43159.822675780924,27.849228031447282
2024-02-21 18:00:00,43111.57302687298,43136.18491263503,43112.11447463144,43124.92182094401,21.62038935115721
2024-02-21 19:00:00,43072.50624534151,43073.85288250902,43054.38866697203,43064.036417102434,152.8079585275341
2024-02-21 20:00:00,43023.6973504993,43039.66061888457,43014.59546832271,43025.07976439847,55.963219511946704
2024-02-21 21:00:00,42957.818709631436,42951.842917923415,42942.20778047469,42951.64334839274,111.6158363970934
2024-02-21 22:00:00,42957.21881370188,42962.685686838086,42951.92353251426,42953.68835648829,66.01460178250592
2024-02-21 23:00:00,42901.624713047895,42930.87176755013,42907.26454637047,42907.48996262477,138.93093623979365
2024-02-22 00:00:00,42923.34908847189,42933.807716354306,42892.756884042064,42921.517117332216,179.57532382460911
2024-02-22 01:00:00,42813.300166948815,42834.521720796656,42806.0964824794,42828.16337856,221.06965395489135
2024-02-22 02:00:00,42852.84217249744,42862.50293198583,42842.97202415416,42848.01619249287,116.78237989478735
2024-02-22 03:00:00,42900.413197917325,42906.106535288855,42886.97248977212,42898.027930189404,221.26406119593156
2024-02-22 04:00:00,42783.51307298426,42785.40517381439,42762.552917965906,42778.403791635115,72.21664975544412
2024-02-22 05:00:00,42809.31213242667,42823.09195230571,42786.34507926222,42800.84718582597,177.78543972852944
2024-02-22 06:00:00,42877.44828409605,42886.77256132344,42863.71979537904,42874.50732537437,46.28858750452024
2024-02-22 07:00:00,42803.11357961128,42818.93631960499,42774.6322874432,42801.92886425289,77.04706906574506
2024-02-22 08:00:00,42895.23466076987,42908.47039264148,42901.03686754701,42902.28320746316,120.30443067419671
2024-02-22 09:00:00,42921.72658191592,42938.50481050006,42917.69111913656,42927.42434802512,151.50449729584608
2024-02-22 10:00:00,42894.61751364103,42909.52871049262,42876.35762203067,42885.123636679615,352.20483267511315
2024-02-22 11:00:00,42893.2681752658,42912.116345478695,42844.99194332713,42881.777492020155,50.186228022096365
2024-02-22 12:00:00,42913.37222328096,42934.0652177369,42885.522601984914,42915.27710677146,251.06808323994525
2024-02-22 13:00:00,42920.20545223423,42931.522721579,42919.65922373843,42919.8374302562,199.2451710806641
2024-02-22 14:00:00,42944.92587480303,42956.24911075279,42946.363996354405,42952.162789802984,93.32850861326848
2024-02-22 15:00:00,42906.30442898036,42903.18435056554,42876.53291022775,42896.92237421822,111.97597172237452
2024-02-22 16:00:00,42912.40735824992,42924.95031148199,42904.87693108817,42907.08402366038,131.974290642337
2024-02-22 17:00:00,42837.79089333779,42834.540229245984,42812.411792784085,42822.261153846084,100.81673553898769
2024-02-22 18:00:00,42808.56100554773,42831.9691919249,42802.47774390006,42815.58759016517,49.63019929873455
2024-02-22 19:00:00,42758.32906848513,42769.57171124038,42760.176542986024,42761.35313167728,251.11733821341215
2024-02-22 20:00:00,42719.07290250209,42737.25927118442,42714.47641837721,42717.22133512189,234.4687957525602
2024-02-22 21:00:00,42796.55884193633,42802.24897402424,42778.8728554885,42791.38692563452,72.07885546591484
2024-02-22 22:00:00,42855.14019176979,42876.226909232006,42831.10045064472,42856.86553287017,199.46860837789117
2024-02-22 23:00:00,42886.43013140097,42932.232454727564,42889.87168397642,42893.4138201246,173.4121949558858
2024-02-23 00:00:00,42834.92631447564,42845.870933220605,42814.300623621835,42827.87505424425,140.12114533793772
2024-02-23 01:00:00,42814.659630162925,42819.37434253877,42805.50344602642,42808.89054726256,143.98278372357774
2024-02-23 02:00:00,42874.346216456805,42887.82342791822,42860.12996646793,42881.676409261316,98.17310598364175
2024-02-23 03:00:00,42901.022966488556,42901.92980473757,42879.62067919847,42890.17942407971,244.00407041647304
2024-02-23 04:00:00,43038.70078615218,43051.396539747075,43013.518629654114,43029.339196478606,70.9517799226571
2024-02-23 05:00:00,43054.012638820255,43071.879813477746,43051.929812234324,43052.93826684227,67.71650021315348
2024-02-23 06:00:00,43065.097996730685,43076.09933617917,43063.2223252014,43064.46121383167,75.52839775956055
2024-02-23 07:00:00,43050.34668814846,43047.09868666455,43034.3646950095,43045.914225979526,56.84580091101218
2024-02-23 08:00:00,43047.033055704414,43063.54289926454,43042.302237905504,43053.926680266464,157.22792539143356
2024-02-23 09:00:00,43045.01874191694,43054.66430524233,43024.2570765314,43044.77849008363,32.779277634811024
2024-02-23 10:00:00,43070.04594232807,43102.668429958816,43057.76125624732,43087.26501068495,121.1957973541943
2024-02-23 11:00:00,43151.67879485664,43153.6608128113,43144.0799892881,43144.66714969262,104.24363884007919
2024-02-23 12:00:00,43085.01583628261,43121.78959665706,43078.76212575938,43097.507782062145,43.721068034509415
2024-02-23 13:00:00,43029.66116347611,43023.8712042905,43001.78634878929,43017.63380484867,322.5925761754452
2024-02-23 14:00:00,42904.820521710746,42925.71493311758,42891.33315934475,42907.46148246248,71.40234965257383
2024-02-23 15:00:00,42936.247626221775,42958.3916097803,42922.231815948835,42937.94096207723,67.01944492593219
2024-02-23 16:00:00,42866.71709445812,42880.81630924089,42858.78740650395,42871.7389657068,22.4145355497032
2024-02-23 17:00:00,42740.26121913827,42756.221807624934,42742.332083796595,42742.56553012965,127.00406972834902
2024-02-23 18:00:00,42777.22849716269,42789.48625964983,42721.56651228287,42765.8802464015,100.68723011918027
2024-02-23 19:00:00,42895.55774819519,42922.31053760843,42905.83431029269,42915.46021744747,60.379974658508104
2024-02-23 20:00:00,42925.31168584378,42937.53834495255,42905.70722248981,42915.09596275508,208.03512454008234
2024-02-23 21:00:00,42968.109597070994,42979.17859171982,42950.73158515127,42965.40540922218,68.85084600785981
2024-02-23 22:00:00,42960.65899755218,42990.15633773831,42968.48152566683,42970.31517073503,254.36716346478758
2024-02-23 23:00:00,42955.77929239917,42966.91863182821,42958.097339860746,42964.381791543565,139.38276229610494
2024-02-24 00:00:00,43032.9375247405,43020.719983546966,43007.15720037636,43019.52638052283,111.17625583853302
2024-02-24 01:00:00,42994.54585283197,43013.49227411397,42986.22790564779,43002.10990787151,105.20185314698627
2024-02-24 02:00:00,43008.92664263106,43028.59828964703,43007.42075193355,43018.15344671583,35.599787096191434
2024-02-24 03:00:00,43046.55383142651,43041.63731227337,43020.63282690984,43037.45531508759,147.56435274244618
2024-02-24 04:00:00,43000.07831087929,43000.499913437314,42987.45451204959,42997.369887869005,70.54968544291762
2024-02-24 05:00:00,43049.389024228905,43061.58245552718,43049.1683482447,43056.892428841194,121.62079345629982
2024-02-24 06:00:00,43048.127843242706,43059.26332581884,43039.54437921412,43046.39484343947,84.12166561445412
2024-02-24 07:00:00,42992.84411240078,43009.35367683592,42995.965231162765,43001.0501338699,232.2098510765687
2024-02-24 08:00:00,43042.0472956715,43037.10022449339,43026.3969821562,43033.24072448412,139.42011981903272
2024-02-24 09:00:00,42987.82361329565,42995.56433027156,42933.66279748802,42979.332645576666,132.4840897104416
2024-02-24 10:00:00,42985.27956460939,42982.95902674575,42965.698986811396,42981.02351501881,119.61936468155653
2024-02-24 11:00:00,42983.36966371013,42993.25130783517,42958.9308547065,42980.476375220154,64.74106983869899
2024-02-24 12:00:00,43059.71961416899,43057.0146696536,43029.87731110962,43045.63010917005,46.422717704615934
2024-02-24 13:00:00,43074.10949376196,43088.7931156875,43059.52752947183,43074.11200314285,143.88672777516763
2024-02-24 14:00:00,43063.155392614775,43076.6965358672,43065.85658480147,43072.61038561814,250.82161851241455
2024-02-24 15:00:00,43125.272154872815,43140.1822277452,43110.33630327831,43121.67636357016,134.36485560378196
2024-02-24 16:00:00,43221.777192907495,43217.16524422666,43201.729913402,43205.0888165112,149.37504749537263
2024-02-24 17:00:00,43230.43935894682,43241.384571307586,43209.35955559693,43238.55743489231,30.34605176089433
2024-02-24 18:00:00,43236.28688994936,43249.02893226733,43222.409677962365,43239.17859208291,35.560766243432084
2024-02-24 19:00:00,43163.79998644671,43164.37305376097,43137.38046013928,43160.4684181419,204.38368284584462
2024-02-24 20:00:00,43096.13035956534,43119.21221653716,43082.63829884716,43096.56159835738,54.17472914184741
2024-02-24 21:00:00,43070.38968745308,43081.55618953345,43059.596691924555,43078.248116096096,139.67179495620985
2024-02-24 22:00:00,43050.65224681638,43044.58296466361,43036.34731103269,43041.67738396654,75.66253154071347
2024-02-24 23:00:00,43049.01943156355,43038.56342494795,43003.32009006859,43030.45910578741,151.78236605337798
2024-02-25 00:00:00,43035.42715295343,43037.20731498007,43024.328163353,43033.85810128124,73.86900647756076
2024-02-25 01:00:00,43058.40712022476,43083.61554841692,43063.87465700975,43065.639666542644,68.7332428428084
2024-02-25 02:00:00,43049.01805565868,43077.67271351976,43054.57773401536,43061.409739859104,31.610590212656035
2024-02-25 03:00:00,43092.66364633844,43093.754384092,43086.92548209109,43090.59983848867,213.76998347495973
2024-02-25 04:00:00,43103.299322123814,43097.44420613495,43087.34880109378,43094.46830337728,193.4621777294388
2024-02-25 05:00:00,42979.741651368015,42976.07804469683,42965.32643206643,42975.94030939605,63.42971248766319
2024-02-25 06:00:00,42919.56095503957,42927.34654747525,42901.9063930537,42919.58018576692,115.69257404841187
2024-02-25 07:00:00,42906.22075920931,42914.20196751985,42904.81289373195,42910.934932423625,148.94357482759173
2024-02-25 08:00:00,42829.61593879141,42845.487074392084,42817.71873652136,42838.353247853156,47.0323666418056
2024-02-25 09:00:00,42881.02698226353,42900.55240702311,42867.24428978816,42874.34897165293,92.81145802476888
2024-02-25 10:00:00,42973.50419456464,42974.275434153744,42922.04829656453,42966.194021593554,189.28307845050736
2024-02-25 11:00:00,43026.95389440187,43043.14393725145,43028.45236678967,43039.319732695396,57.165297416788704
2024-02-25 12:00:00,43039.23187226502,43030.355719524996,42990.97385092741,43026.51316043958,88.93840464995309
2024-02-25 13:00:00,43120.54929841773,43133.85639373949,43095.02521741759,43115.95672865058,124.60431027185761
2024-02-25 14:00:00,43136.07353324387,43136.452888301654,43121.249745009365,43124.8767760827,81.1416276715623
2024-02-25 15:00:00,43093.914595827744,43112.12104551789,43100.130511768904,43104.65161781562,42.4796371785561
2024-02-25 16:00:00,43056.920864759835,43075.53546966286,43067.298757405006,43067.84745800316,186.97495603471305
2024-02-25 17:00:00,43048.50752233574,43061.72219066545,43023.632207576185,43049.69927681388,45.46931718079166
2024-02-25 18:00:00,43030.43094311657,43031.61646512809,43026.13795891438,43026.408667701406,23.93283650669377
2024-02-25 19:00:00,43051.004527627345,43048.195674343755,43018.4735227558,43036.63364104393,22.546718100111008
2024-02-25 20:00:00,43051.91671121745,43062.075612337394,43037.27347998461,43046.26807990693,132.15126738781652
2024-02-25 21:00:00,43044.509390901636,43052.86805704342,43040.2715461302,43046.45084111613,29.310246738366914
2024-02-25 22:00:00,43064.456177639586,43098.19566475119,43059.89326561252,43072.667131300914,187.61122128781895
2024-02-25 23:00:00,43153.94591236985,43152.525977734724,43130.460701198404,43144.10590778809,73.3961978451411
2024-02-26 00:00:00,43193.36151250856,43206.021495417845,43194.309612949415,43201.07915591457,23.72761116787177
2024-02-26 01:00:00,43125.01302624575,43137.10817290128,43096.71660545041,43111.98527780757,39.412073739880285
2024-02-26 02:00:00,42956.47493251661,42962.872044284755,42946.41752561312,42958.75000971346,59.704043408762146
2024-02-26 03:00:00,43027.53386096875,43047.82785648957,42995.49512513302,43014.80920438781,109.9719954187022
2024-02-26 04:00:00,42938.22793280336,42962.77981608581,42919.28975556222,42932.79648248289,93.10865970677035
2024-02-26 05:00:00,42918.21459445379,42919.821002164535,42898.018723157365,42919.31055836933,59.8237834186375
2024-02-26 06:00:00,42844.94860583116,42858.310339642616,42835.37162136941,42849.103776805765,58.97379129321374
2024-02-26 07:00:00,42738.257687532205,42746.61678841538,42739.08806226506,42740.98495055097,77.59276893779344
2024-02-26 08:00:00,42776.899247782254,42775.986265830266,42765.929682938186,42773.47271424325,140.86339850323742
2024-02-26 09:00:00,42819.639275831156,42836.455917824,42801.33903480586,42819.02202386141,40.18766494204333
2024-02-26 10:00:00,42779.68090855326,42792.52526812887,42764.76396536876,42784.43139981781,279.3564663562834
2024-02-26 11:00:00,42627.64381100657,42642.39252062952,42616.00781255703,42628.96886228911,77.9040451785422
2024-02-26 12:00:00,42596.82281163172,42620.67441866936,42591.602177097426,42596.19419539397,99.2411665475218
2024-02-26 13:00:00,42602.672562962805,42633.27665321219,42616.23654266551,42619.70243571812,109.70553509437512
2024-02-26 14:00:00,42534.63308650998,42558.07336251565,42513.089621028805,42530.967741591674,67.4056222603481
2024-02-26 15:00:00,42534.131566980686,42546.092016288465,42512.816403561585,42541.96933677842,57.08562020288417
2024-02-26 16:00:00,42531.82408660239,42541.74466408703,42529.655650561755,42541.05074582804,190.87446146494003
2024-02-26 17:00:00,42562.30948102722,42577.5197581875,42565.85354059861,42575.80823580411,189.65235779495106
2024-02-26 18:00:00,42568.63191792601,42583.91130820226,42567.0895743196,42582.983057908954,23.500723907187275
2024-02-26 19:00:00,42513.75534143116,42538.512221418234,42516.26971400248,42524.59892145606,36.71835568754718
2024-02-26 20:00:00,42590.72104389488,42599.24682422213,42580.82302364619,42596.39321155593,153.30933736813196
2024-02-26 21:00:00,42602.507510274525,42609.3431372034,42575.41823912423,42586.881437174314,200.096241831461
2024-02-26 22:00:00,42581.036127396554,42605.6915994307,42559.32370727299,42585.243164803716,58.76908912124294
2024-02-26 23:00:00,42530.66908810947,42533.8014783528,42522.206890262925,42529.247087259326,180.26845466441077
2024-02-27 00:00:00,42505.85400327989,42509.98344397349,42483.362191928645,42502.65015218784,137.02406500217194
2024-02-27 01:00:00,42450.61051083595,42473.39609427288,42441.97964301455,42449.56198934622,64.31165331798856
2024-02-27 02:00:00,42438.56567806501,42457.81892375405,42436.0524226128,42439.185225750814,200.69988863967444
2024-02-27 03:00:00,42532.32538445056,42558.77154126984,42541.01454365308,42541.88773455936,25.98922796493944
2024-02-27 04:00:00,42471.18108636971,42476.0169708565,42453.672097539355,42459.57366598347,90.78984754999196
2024-02-27 05:00:00,42377.21755525997,42363.77805283636,42334.122020226205,42362.75998211087,59.72466833806562
2024-02-27 06:00:00,42437.568932207505,42457.50467620505,42443.97295681855,42451.030201760484,117.12160217538563
2024-02-27 07:00:00,42430.27855240428,42449.565913153136,42408.88561394514,42438.47078113137,143.0868073969529
2024-02-27 08:00:00,42396.08793407276,42436.90634657421,42391.362648239934,42398.32641681178,267.783833322037
2024-02-27 09:00:00,42453.00439569626,42494.46218486856,42451.58366526974,42460.72069805554,166.6165621972042
2024-02-27 10:00:00,42428.43149009898,42433.51479950819,42415.797086079,42424.38376567133,67.9724613731669
2024-02-27 11:00:00,42528.118170864895,42542.30130707273,42527.98864843591,42533.94434848415,38.85749404430414
2024-02-27 12:00:00,42591.940349306955,42583.416127997836,42560.64491126149,42574.619900764505,20.26857397690173
2024-02-27 13:00:00,42554.86960503051,42554.64179819957,42539.414611057975,42545.34521627576,148.09207195525994
2024-02-27 14:00:00,42676.48430131675,42688.41525413381,42670.093551526894,42674.78370907169,171.0877893737832
2024-02-27 15:00:00,42646.65670379805,42663.70868621054,42626.50098004136,42638.44081369149,140.63781511966826
2024-02-27 16:00:00,42691.813739406905,42695.60099591726,42679.23193118284,42682.96653601205,106.78021265952715
2024-02-27 17:00:00,42696.41251093198,42701.2720305148,42696.212148389684,42700.924090836445,63.992749641656594
2024-02-27 18:00:00,42772.49883024403,42799.29380448767,42774.28732378352,42779.02856820037,115.48611962247338
2024-02-27 19:00:00,42873.344384507735,42895.40717448346,42868.00415975701,42872.71924000398,229.5788757913546
2024-02-27 20:00:00,42881.53257794391,42894.60006591789,42868.05223694242,42874.63948894793,143.25812430717812
2024-02-27 21:00:00,42830.546899916386,42862.10393271007,42816.9367252581,42829.434416727156,117.003145959885
2024-02-27 22:00:00,42844.41677344597,42867.52396340535,42837.79082077091,42857.0327453035,34.35906829677802
2024-02-27 23:00:00,42809.947227566765,42818.795301018945,42815.19971184119,42816.36982311837,201.71368828645805
2024-02-28 00:00:00,42936.58127506122,42938.71593663896,42917.556409492754,42937.17305796997,46.160675734534884
2024-02-28 01:00:00,42944.75985300033,42947.60530650084,42940.18861638265,42945.36517783494,23.751369698509528
2024-02-28 02:00:00,42939.22622217053,42944.61173722221,42922.78494624511,42923.44588475621,40.396944769912324
2024-02-28 03:00:00,42923.43879956891,42946.57402424731,42906.99017176544,42934.5267031081,104.21876486520128
2024-02-28 04:00:00,42857.74383967101,42857.29353850991,42832.86915793479,42853.699125736326,96.42896948035825
2024-02-28 05:00:00,42807.31518829231,42806.398097647674,42793.26661473803,42795.40228342568,77.01503341335238
2024-02-28 06:00:00,42885.59871586573,42895.8185505662,42861.70682538365,42867.42711790235,83.95924633111446
2024-02-28 07:00:00,42824.7782817786,42832.685824046035,42807.530564226174,42828.01346116407,96.78835485825013
2024-02-28 08:00:00,42769.13023782491,42783.01528080191,42755.746659751014,42765.19880220315,105.82839006694792
2024-02-28 09:00:00,42801.95605021238,42803.357816143056,42788.78733839153,42797.39796735479,67.20213497874474
2024-02-28 10:00:00,42870.104070486996,42876.55569011411,42866.892254788036,42868.54021663457,210.46256836141447
2024-02-28 11:00:00,42910.88665366456,42913.04381936831,42908.91611226923,42911.67741527447,44.87793152098935
2024-02-28 12:00:00,42974.92807953882,42984.213376119515,42959.85739060576,42971.44027642282,94.82309585910303
2024-02-28 13:00:00,42905.77460242689,42926.12666845141,42901.04852290335,42926.03257110865,236.65002157037367
2024-02-28 14:00:00,42846.18048702464,42863.69696083279,42835.09143050301,42840.72393110414,163.75495548087943
2024-02-28 15:00:00,42931.813373450765,42948.05796115994,42920.311986518034,42930.80395022147,71.18855033966884
2024-02-28 16:00:00,42909.66336071672,42914.522420183384,42883.318049078865,42911.44315989094,66.72842738304519
2024-02-28 17:00:00,42912.768076469394,42913.171428067464,42878.69335095829,42896.393178903636,182.69664073178015
2024-02-28 18:00:00,42970.68535526426,42983.982802721024,42960.30166007522,42976.08482741458,24.19298005503593
2024-02-28 19:00:00,43006.234020066106,43017.31226780472,43007.997116324164,43009.45862797862,128.8791871246719
2024-02-28 20:00:00,43052.74432072116,43048.27469610309,43033.407757311455,43036.81189430352,87.0434339506183
2024-02-28 21:00:00,43160.05554455878,43179.854643972976,43160.71203491338,43166.71203499758,68.55662240491355
2024-02-28 22:00:00,43123.70001891128,43138.7424085347,43093.76908126157,43128.10094117477,166.92647280295452
2024-02-28 23:00:00,43182.5951454722,43193.44028034588,43157.322798376095,43183.77134885965,127.13279687313808
2024-02-29 00:00:00,43193.91801221052,43192.92892231852,43175.46172553987,43187.19213635348,228.0850345307143
2024-02-29 01:00:00,43204.9700931441,43232.947122583646,43189.63341355296,43203.30767308527,66.10510659793547
2024-02-29 02:00:00,43284.6747758928,43303.57048968682,43294.71700272553,43295.01577867002,32.93120665430516
2024-02-29 03:00:00,43321.22857554239,43343.172547262846,43321.767722261226,43325.4859240474,49.98724829744553
2024-02-29 04:00:00,43352.92485332468,43358.29222964561,43351.35891492341,43357.783688790376,55.057861054255866
2024-02-29 05:00:00,43421.51636066718,43439.99024506408,43421.977152093175,43422.134129028964,53.628313520299315
2024-02-29 06:00:00,43403.64371452543,43414.12659176711,43383.224398077225,43400.236965256394,55.06025938487913
2024-02-29 07:00:00,43353.230031263156,43351.25052312134,43334.44667867413,43349.88438521605,33.78141083333036
2024-02-29 08:00:00,43272.987739542405,43289.85977349617,43260.28368090681,43287.19583357479,124.25580059666592
2024-02-29 09:00:00,43177.72596611272,43179.052820279045,43161.1179705198,43169.21443821223,22.772521520087725
2024-02-29 10:00:00,43294.60741677662,43307.04547001979,43287.68882822063,43292.58686600865,137.35266026631666
2024-02-29 11:00:00,43237.470620446096,43226.69584534189,43208.830490658234,43226.394364065345,93.49074690810419
2024-02-29 12:00:00,43216.672733268526,43224.68715114344,43210.08339609122,43213.1191466502,257.48224321876546
2024-02-29 13:00:00,43205.320932318755,43223.119892898554,43173.156082356276,43196.51034865687,263.21805392508713
2024-02-29 14:00:00,43218.68711301702,43225.24549688095,43214.35904319962,43214.954750525416,123.5305510343224
2024-02-29 15:00:00,43274.66878932739,43273.15716697749,43242.5558296606,43263.89898327777,119.60845941550843
2024-02-29 16:00:00,43319.705397667494,43317.13325437424,43308.60831131459,43315.52739257935,53.82138192765199
2024-02-29 17:00:00,43279.75942429367,43285.719949482285,43266.67738626076,43280.542746265215,96.425176904772
2024-02-29 18:00:00,43288.694921201604,43280.8344380188,43263.75053318259,43270.51544343803,205.10566536489404
2024-02-29 19:00:00,43294.58253744557,43296.66498953639,43283.06099964818,43287.47024046733,190.38525971251147
2024-02-29 20:00:00,43277.138728264355,43273.40439039911,43260.960641218684,43272.54877289632,33.73712705825351
2024-02-29 21:00:00,43358.77907212521,43386.749319105475,43368.12004746249,43368.98950745752,33.02334110778174
2024-02-29 22:00:00,43388.141543616104,43403.57538276514,43375.740547037145,43398.448004555816,119.22063568509373
2024-02-29 23:00:00,43444.882395575936,43443.44123484413,43433.07753766486,43442.5406717188,32.4811073269634
2024-03-01 00:00:00,43483.477717420996,43491.34271446788,43455.83984075559,43482.31354783885,230.98506519865222
2024-03-01 01:00:00,43547.808998767905,43562.220450238696,43510.83884626932,43552.72197928797,50.1341401570929
2024-03-01 02:00:00,43564.71113440709,43576.34247160447,43562.215750610194,43563.58327281019,136.659466153199
2024-03-01 03:00:00,43498.48237135719,43493.88845891959,43473.95029382088,43485.77335593284,29.549545586787275
2024-03-01 04:00:00,43515.3178528344,43521.08962061916,43483.045247944385,43509.754633038,192.10124438243918
2024-03-01 05:00:00,43461.54515133246,43474.00154347987,43448.1322045159,43470.673219410484,228.73102930787337
2024-03-01 06:00:00,43438.06414788836,43459.202814546225,43427.312790934644,43438.956218505504,116.02672824798844
2024-03-01 07:00:00,43467.69832778399,43500.660599026705,43466.87905795654,43474.13805963081,86.32315445401964
2024-03-01 08:00:00,43545.33344458556,43553.234521784005,43529.87733191249,43548.43504391683,65.79573144958536
2024-03-01 09:00:00,43546.40241319595,43570.815489528686,43545.89419737131,43549.71133852099,108.81507969262931
2024-03-01 10:00:00,43564.4201546161,43574.86905318555,43561.37094153171,43568.24131927693,40.8253301073665
2024-03-01 11:00:00,43660.33313297925,43672.03751169746,43663.244192073624,43670.37421595504,69.89632708645343
2024-03-01 12:00:00,43683.79816927221,43710.38828812382,43668.8690892269,43684.81940672435,95.09276524781316
2024-03-01 13:00:00,43836.4355324804,43857.542080449064,43825.59602210918,43840.92039357518,47.59092145015251
2024-03-01 14:00:00,43851.41538279305,43889.49158310341,43859.011125134166,43874.85097231307,113.3357157053258
2024-03-01 15:00:00,43785.62898295973,43790.1975031683,43753.454384916375,43769.20520676372,107.87594596845061
2024-03-01 16:00:00,43823.11586126373,43823.835518606116,43800.76035720387,43814.405704029996,113.76297437678177
2024-03-01 17:00:00,43834.26480132356,43841.43791140587,43825.88270656022,43837.27520712296,26.284732247308217
2024-03-01 18:00:00,43914.81092476585,43930.205011078535,43905.40874194513,43914.66037236793,145.4552288578703
2024-03-01 19:00:00,43945.67801866558,43958.10317056032,43934.83131667862,43955.05125344412,44.170388009236824
2024-03-01 20:00:00,43960.309677427584,43947.29274402024,43937.65869440606,43946.743894405095,65.74935861945187
2024-03-01 21:00:00,43888.46430978592,43883.180750198975,43872.80536466753,43873.28600022774,24.8727478014236
2024-03-01 22:00:00,43861.99815461655,43877.097356855884,43843.03001753561,43860.744604790576,31.545471444869477
2024-03-01 23:00:00,43817.9016226915,43820.93481850734,43792.4381609025,43809.71337753801,51.07165138708278
2024-03-02 00:00:00,43776.2842647812,43804.39184651312,43743.212525538234,43774.88197054973,84.41689630698845
2024-03-02 01:00:00,43799.502871303965,43810.515346504115,43797.28819375776,43810.19667481497,169.94778943088062
2024-03-02 02:00:00,43907.09635812435,43914.79400802559,43905.54530954446,43910.390945076055,192.03603305814534
2024-03-02 03:00:00,43935.12666059961,43937.81250218071,43928.562681853444,43934.071236865435,243.15956486597582
2024-03-02 04:00:00,43858.681871393375,43867.218351855954,43855.99790102676,43862.31825314332,102.17745316866751
2024-03-02 05:00:00,43887.24518701705,43890.86569473149,43879.67421213699,43888.99441323653,31.31228849178808
2024-03-02 06:00:00,43960.0611059752,43983.52397456056,43946.57015817819,43960.79230243527,69.48271629031377
2024-03-02 07:00:00,43923.55830019318,43929.931340710544,43919.61601170313,43924.205328176104,209.14070332896543
2024-03-02 08:00:00,43916.58236609971,43921.76482455078,43897.617123876844,43916.16429817573,242.9949785870129
2024-03-02 09:00:00,43908.56074932831,43924.54855711592,43897.928986441744,43917.04558985948,80.92329540676528
2024-03-02 10:00:00,43864.21556188153,43872.49947643972,43868.5215747066,43869.95169107455,275.22001853591183
2024-03-02 11:00:00,43898.57184297958,43933.39961653264,43882.89368988232,43908.84851710518,23.794636869229734
2024-03-02 12:00:00,43909.4141525862,43904.3411388316,43867.90783972523,43901.59162818871,52.60203014000368
2024-03-02 13:00:00,43909.918399288414,43927.060489990945,43923.83252650388,43926.76357482313,210.89548906055032
2024-03-02 14:00:00,43882.742766901545,43880.74874771905,43844.73494914687,43873.51404415501,34.47617130721449
2024-03-02 15:00:00,43858.357341313706,43863.751296497234,43841.96758410403,43847.2665461356,145.28301553308557
2024-03-02 16:00:00,43888.191982909404,43920.00698642644,43887.22702625525,43890.60942760527,90.06044978468708
2024-03-02 17:00:00,43847.41434177715,43874.998634221236,43863.80676310591,43868.239438479766,72.2297836406202
2024-03-02 18:00:00,43968.96678505803,43973.09886311055,43963.47533227049,43971.857269553766,189.0752896150447
2024-03-02 19:00:00,43947.365625126586,43948.43084091451,43943.1980194361,43947.879098416895,53.000275795017295
2024-03-02 20:00:00,43953.275396202574,43997.12478379379,43956.292955549136,43961.36018196201,199.05224205744366
2024-03-02 21:00:00,44013.19388472393,44028.492894838666,44007.904320858,44017.31563187439,175.4248487203573
2024-03-02 22:00:00,43944.455249489314,43934.226184138344,43913.7808396454,43932.21368789841,39.44745224441887
2024-03-02 23:00:00,43831.884576477976,43832.99028993947,43819.64898869512,43826.56515917956,163.42128938136997
2024-03-03 00:00:00,43727.62926739033,43745.69771321661,43731.266356823806,43735.025780305354,77.62573209588794
2024-03-03 01:00:00,43798.000033154225,43816.54767969564,43798.65226140763,43810.780826510985,52.26209436811903
2024-03-03 02:00:00,43775.05319921656,43783.834711804986,43773.704000259386,43777.66933775744,45.12186288016265
2024-03-03 03:00:00,43929.45364066274,43946.48563965863,43919.54823762224,43931.16129489754,25.405294161310874
2024-03-03 04:00:00,43901.276032477,43902.987836527136,43888.267074408875,43897.30643897809,71.91914160759106
2024-03-03 05:00:00,43904.096983469375,43939.61942200156,43908.35277155335,43908.37951716992,67.09472221646243
2024-03-03 06:00:00,44004.998110926885,44007.36905060922,43985.017938698395,44000.90611432399,131.139591617985
2024-03-03 07:00:00,44136.75291993402,44140.406927513475,44113.767772364736,44121.27168761354,165.13223947508703
2024-03-03 08:00:00,44251.485910391275,44246.8900966105,44237.22015258365,44244.96190221172,169.1392271992193
2024-03-03 09:00:00,44317.07916798866,44327.23900287966,44285.59553259987,44317.46387604731,107.26015866705207
2024-03-03 10:00:00,44377.44242382757,44411.8233646433,44337.300403496985,44378.907627595996,27.906993032268794
2024-03-03 11:00:00,44411.60585947463,44438.451308649775,44411.76494872698,44414.45924454807,219.81708590525378
2024-03-03 12:00:00,44470.60603641768,44471.70804725136,44435.27550222584,44461.160909118065,52.13186224698138
2024-03-03 13:00:00,44423.07125857074,44436.08787590684,44426.26209917636,44428.08976613835,178.72438639867752
2024-03-03 14:00:00,44379.35961480501,44381.478888037505,44367.696571031694,44378.99783313301,41.06889019109862
2024-03-03 15:00:00,44379.2049489034,44399.52562921874,44377.29797096186,44378.795365688355,142.97009000916682
2024-03-03 16:00:00,44364.57001479437,44375.83854543019,44358.57428761861,44368.58428833686,241.76482301250198
2024-03-03 17:00:00,44330.410880994146,44354.01731699898,44307.761866359586,44341.39060537722,138.88530159489022
2024-03-03 18:00:00,44385.75764825357,44398.94215267137,44380.09201691909,44383.17385222463,34.522523721147714
2024-03-03 19:00:00,44440.00413296401,44478.46870448261,44428.85806566982,44440.492164738855,107.2605511440739
2024-03-03 20:00:00,44449.79850167187,44449.203168033084,44433.79154682389,44445.79657791637,68.44441207974882
2024-03-03 21:00:00,44530.17958032817,44536.5747460901,44526.96357394,44534.44838277969,119.49788420714503
2024-03-03 22:00:00,44475.713606322184,44467.9804871779,44439.774114832326,44465.94703593168,306.9294278340751
2024-03-03 23:00:00,44447.31327812519,44465.255248027606,44418.25490524108,44454.32746837489,142.37616004335126
2024-03-04 00:00:00,44425.01445141087,44420.88221632219,44408.060010075795,44411.31812913872,137.51116931443553
2024-03-04 01:00:00,44285.344840035716,44303.207479193,44292.35442375566,44299.32593211434,49.95866458627032
2024-03-04 02:00:00,44297.84325148023,44312.29806178508,44276.706694702014,44294.36509096378,44.90507538664903
2024-03-04 03:00:00,44290.863685920995,44309.84478717298,44280.03213803759,44287.06024046078,181.61427945385216
2024-03-04 04:00:00,44371.50276851178,44385.43595227247,44351.12364105433,44377.867225055306,241.74403948425237
2024-03-04 05:00:00,44419.11107763148,44425.114001578644,44412.00582032322,44415.71592612859,162.8635572461212
2024-03-04 06:00:00,44364.50086602692,44372.85815096004,44318.579776057544,44354.26471666884,44.082226205039575
2024-03-04 07:00:00,44447.775719934056,44488.053329779126,44455.459525571656,44465.51027064889,68.56350282359915
2024-03-04 08:00:00,44542.794250840336,44549.96142427754,44523.99129670866,44538.77229238041,143.55252337036316
2024-03-04 09:00:00,44553.751988025884,44583.62127622626,44549.910469982744,44573.69815458853,257.89645402027134
2024-03-04 10:00:00,44552.38379022935,44571.410400610075,44557.461845902595,44560.10910865754,134.45123069736246
2024-03-04 11:00:00,44515.57608537334,44511.7608362095,44495.77436421209,44502.54275445413,280.6163200875922
2024-03-04 12:00:00,44475.55609162273,44493.05557566409,44479.11373835974,44480.21034788987,130.68215948743017
2024-03-04 13:00:00,44536.144225356846,44554.709771122536,44533.673701285836,44545.53526507212,118.32641965985488
2024-03-04 14:00:00,44657.02694159632,44675.389928440505,44643.371385074744,44658.610443428195,162.67293416640183
2024-03-04 15:00:00,44767.74830582984,44751.40070574018,44745.154358935,44751.20505512453,73.01127795793752
2024-03-04 16:00:00,44707.2206318397,44724.562855197706,44699.59629737685,44721.87408981735,41.07242597652443
2024-03-04 17:00:00,44646.28656452689,44656.34712630053,44623.95492653496,44654.69704382001,38.2341348166383
2024-03-04 18:00:00,44675.12967210012,44682.53112364958,44644.23747583469,44663.150218634684,117.11103537479583
2024-03-04 19:00:00,44571.90547544921,44568.28143259996,44547.793897053845,44557.04385670091,167.87943262575968
2024-03-04 20:00:00,44575.60646975768,44596.1665439161,44575.11431634506,44576.433919552,203.07948911442105
2024-03-04 21:00:00,44557.66534275387,44570.73520885791,44560.973644821315,44567.57776437408,91.63664334813386
2024-03-04 22:00:00,44556.382322276455,44542.02186499161,44531.68059804894,44539.61557426198,118.41723129476719
2024-03-04 23:00:00,44456.68892935997,44481.44689769499,44427.79734049935,44443.933390225975,76.12864206302984
2024-03-05 00:00:00,44480.180972522256,44490.58398896714,44468.27756195176,44474.74939662016,115.7847291629785
2024-03-05 01:00:00,44436.28812744895,44448.092632633954,44410.986038013645,44442.787346240446,142.22449131804734
2024-03-05 02:00:00,44372.20010137112,44391.07880468529,44361.5513812958,44372.59233609783,174.7400083668776
2024-03-05 03:00:00,44198.97372265257,44214.543532858974,44195.59254055566,44200.25660330093,56.189576934932596
2024-03-05 04:00:00,44201.25251943481,44223.943543002664,44189.45750829003,44198.605708997886,59.437283096577026
2024-03-05 05:00:00,44316.548816303126,44329.98964651915,44304.341907847476,44304.940804798076,88.85838966921425
2024-03-05 06:00:00,44411.651694000044,44422.97558896813,44392.692510962814,44404.616357670944,113.97867872158098
2024-03-05 07:00:00,44368.571573659894,44380.15488929271,44356.95355569907,44377.19058227577,88.26523702368428
2024-03-05 08:00:00,44352.06983025422,44346.53647331641,44325.185307246706,44341.057858654065,189.03433921351032
2024-03-05 09:00:00,44371.68937113867,44394.251860605975,44362.126666307886,44369.18431401857,35.08955569949271
2024-03-05 10:00:00,44314.777714034135,44339.81929069499,44309.10324747955,44309.281187667264,100.55241640464243
2024-03-05 11:00:00,44339.12102853066,44334.42337282866,44312.67688153023,44327.38870165643,109.52287435793795
2024-03-05 12:00:00,44364.46087636341,44380.73287193256,44362.25435758883,44373.353518359516,95.30480032928872
2024-03-05 13:00:00,44446.68290716292,44466.89036512738,44421.77330105925,44446.96951179257,266.4183858387066
2024-03-05 14:00:00,44436.708630792906,44455.55173495518,44435.828676609024,44440.96026720378,63.290690559660185
2024-03-05 15:00:00,44416.19696679023,44434.839172706495,44399.98095496676,44428.73984219316,28.674601654984343
2024-03-05 16:00:00,44378.83456680861,44378.650324002134,44353.17731136685,44376.06088698777,86.69912330901528
2024-03-05 17:00:00,44346.54051815805,44336.02822284358,44309.13561497368,44326.448065745375,47.18329668594056
2024-03-05 18:00:00,44298.138710275234,44313.812935319074,44300.03130961506,44312.85933223128,71.6513238560859
2024-03-05 19:00:00,44334.643017751856,44356.66518100692,44330.93690948796,44334.901262640255,261.0167613178039
2024-03-05 20:00:00,44394.84068369484,44390.8499858043,44370.00960756567,44389.71634021425,196.68248738129333
2024-03-05 21:00:00,44342.51022878668,44357.25856530156,44341.29352856253,44341.52560317343,108.07405740370861
2024-03-05 22:00:00,44430.18189289087,44431.52516339881,44418.06728597307,44431.086917311,88.95222298200693
2024-03-05 23:00:00,44404.42577034087,44426.44622807228,44411.61560261537,44414.81950124844,60.29343412885065
2024-03-06 00:00:00,44415.399757531064,44429.22040587265,44390.547204023685,44413.53746358754,58.05233990887589
2024-03-06 01:00:00,44362.650651022544,44369.09867473772,44351.775902742214,44368.70476283867,116.41211290055085
2024-03-06 02:00:00,44205.73097358247,44232.61800404862,44208.663687253524,44223.250347222296,88.54690522834873
2024-03-06 03:00:00,44285.84980876807,44287.497783605526,44263.20125978691,44276.29307100396,186.87723151399487
2024-03-06 04:00:00,44328.17079138824,44320.97607826343,44315.058640557414,44320.503704829505,76.40163934959938
2024-03-06 05:00:00,44304.03733921722,44313.97515654746,44277.807888588,44303.62405140241,32.405839545451414
2024-03-06 06:00:00,44309.47609194154,44323.95915082827,44302.2674408032,44307.6434944359,138.37285989190957
2024-03-06 07:00:00,44347.19439159987,44348.974126124966,44320.22484916825,44338.599847498146,82.0190318989341
2024-03-06 08:00:00,44246.64181333918,44248.94387259935,44227.199097278135,44244.84709608495,278.76195580751585
2024-03-06 09:00:00,44220.33607588227,44228.077119321846,44204.34810344074,44213.103935444175,65.6833548554111
2024-03-06 10:00:00,44258.379958614496,44260.80160788149,44244.47360055976,44260.759816221485,65.11802952222394
2024-03-06 11:00:00,44195.99832073993,44193.49880686157,44185.05550835451,44185.502450831336,87.33069571771968
2024-03-06 12:00:00,44205.6822125688,44208.2768861119,44193.51360990881,44203.11592676133,78.72970813933046
2024-03-06 13:00:00,44123.27343403277,44127.339030745185,44099.46485983087,44121.72101848393,349.43594644068617
2024-03-06 14:00:00,44139.54632872024,44164.40570105167,44138.68465396692,44149.706817429935,68.60424630268554
2024-03-06 15:00:00,44149.8639753265,44176.9284073291,44126.57990460372,44147.56832849209,121.46626116255365
2024-03-06 16:00:00,44044.0047801978,44060.68256526267,44018.36671680139,44050.66041953776,213.23157425501603
2024-03-06 17:00:00,44115.43851899296,44123.445472584055,44120.08298326899,44120.54478080519,110.38279396790585
2024-03-06 18:00:00,44069.94628117078,44096.69194187872,44068.04033448944,44076.46928619731,149.84213420503232
2024-03-06 19:00:00,44019.32426052125,44028.089373523515,44006.42057087877,44027.85413997644,60.64028646605092
2024-03-06 20:00:00,44056.88646303443,44068.39231817496,44022.04989489146,44039.8882918103,195.9730869426296
2024-03-06 21:00:00,44119.45724527193,44124.1523811048,44098.79785556458,44108.80653277602,189.10589576294163
2024-03-06 22:00:00,44063.22016365447,44072.510346274124,44047.433955453256,44047.857223637315,203.91178815173143
2024-03-06 23:00:00,44041.77485447175,44057.42493278218,44031.093120965634,44051.55801462819,52.316742747480575
2024-03-07 00:00:00,44077.85703464732,44094.79965199283,44067.34896414705,44077.28700464803,157.9384836812442
2024-03-07 01:00:00,44108.52528008218,44129.732812040835,44106.53050256104,44118.87334108382,208.92100612783557
2024-03-07 02:00:00,44123.89427538288,44139.12493840579,44113.8715319406,44129.459834400455,68.92276842046124
2024-03-07 03:00:00,44100.09314818812,44148.52526714751,44095.16844088864,44107.43816405545,89.71994479540305
2024-03-07 04:00:00,44067.69942286806,44075.574932927164,44051.83724646952,44057.78275081653,267.0992580430784
2024-03-07 05:00:00,44059.7815463745,44086.05624349661,44060.40516727976,44062.951383799314,115.82016054886643
2024-03-07 06:00:00,44007.170077749724,44006.920701760384,43985.92557603714,43998.62304308017,125.19270558106153
2024-03-07 07:00:00,43828.17498118721,43827.15128966646,43814.22280056541,43823.3420140705,57.41426879072297
2024-03-07 08:00:00,43867.9647123368,43860.84353402532,43838.20311907295,43849.53560231996,170.28156347576098
2024-03-07 09:00:00,43891.93613900001,43909.51149605729,43902.24189296622,43903.77169278513,156.37466891898143
2024-03-07 10:00:00,43772.069612570915,43778.869734832166,43740.29158445681,43761.99574665262,32.374151086064586
2024-03-07 11:00:00,43710.58343133323,43727.55348397824,43691.499390832876,43701.41190437003,74.17344683899204
2024-03-07 12:00:00,43730.77412932612,43744.702737989974,43714.966321174245,43738.56116003034,136.73934710995485
2024-03-07 13:00:00,43870.06795490482,43866.160964788825,43846.222680334984,43862.01088821304,24.507621123942947
2024-03-07 14:00:00,43865.94767037778,43864.95942655306,43848.34402827325,43863.258510673564,88.37107036450148
2024-03-07 15:00:00,43817.75852412019,43826.463244224935,43815.757367139115,43819.57833419982,58.90122332487695
2024-03-07 16:00:00,43802.01306383775,43811.42758431512,43806.6713870532,43808.60454773353,283.7001206314436
2024-03-07 17:00:00,43885.34425727082,43892.6509356835,43883.46072580274,43891.097132882416,172.24566734918844
2024-03-07 18:00:00,43868.73777890123,43855.54740964826,43845.05888352164,43852.33928213494,42.82678662138726
2024-03-07 19:00:00,43804.39322428758,43818.94250476275,43791.651188971075,43804.387761735925,65.55493960122007
2024-03-07 20:00:00,43781.68019041725,43781.70454980691,43770.838166875365,43775.423150405004,122.85900661079461
2024-03-07 21:00:00,43711.89623885615,43721.53218697555,43707.25461537729,43718.22343390949,202.95663157793075
2024-03-07 22:00:00,43719.3448292994,43744.647928685554,43712.118762090045,43725.58365286917,356.229388338547
2024-03-07 23:00:00,43831.72023885134,43828.74305652554,43813.50204885497,43823.06436037734,72.11163799064859
2024-03-08 00:00:00,43831.65250707189,43855.9291541694,43836.81800506705,43842.44911676431,191.19790529724168
2024-03-08 01:00:00,43823.98619649348,43827.87335523358,43826.57545909772,43827.30790663673,79.89326081587295
2024-03-08 02:00:00,43810.071449790375,43819.69220254564,43806.26739357513,43809.7992305018,35.35126428494951
2024-03-08 03:00:00,43716.89876279472,43742.50545898492,43660.68230260857,43716.00778198,96.287183172866
2024-03-08 04:00:00,43767.5616223287,43784.57345964696,43756.87961024263,43768.99436860883,79.90971373935862
2024-03-08 05:00:00,43767.49069503683,43765.72151185356,43758.45058712772,43764.32413678806,244.78881341829825
2024-03-08 06:00:00,43759.03818801916,43761.160179525556,43730.9194113935,43753.49534197262,74.04418295080018
2024-03-08 07:00:00,43950.958896406984,43983.385039984154,43928.88175691758,43945.08179604331,68.82171621677396
2024-03-08 08:00:00,43955.12054007591,43965.53274438235,43960.56502127376,43963.006970545255,141.8470794410268
2024-03-08 09:00:00,43915.62626675611,43922.7896949768,43895.47405289351,43917.89950753954,160.619756056703
2024-03-08 10:00:00,43901.876154662226,43898.17354468314,43872.623523818,43892.31805176721,143.2472512247621
2024-03-08 11:00:00,43968.38197181961,43963.533372723636,43955.31516593105,43961.224794319016,97.74467475758256
2024-03-08 12:00:00,43957.03814333943,43972.82679484283,43955.986941442265,43968.02101895128,63.49398579134318
2024-03-08 13:00:00,43884.536179455055,43908.41532420985,43874.1548341179,43881.724340252236,81.18727434387594
2024-03-08 14:00:00,43921.05227433175,43950.977593764,43924.83141381745,43936.87807632675,41.8604753254522
2024-03-08 15:00:00,43897.164910410895,43903.93919680642,43885.81157156817,43896.78943119441,127.02531614843295
2024-03-08 16:00:00,44024.36943390143,44034.92591223445,43968.35861554887,44009.187297767465,167.2416892746243
2024-03-08 17:00:00,44066.4070399722,44075.45306246653,44061.32334362927,44073.990181710345,101.58870760961977
2024-03-08 18:00:00,44040.47628360689,44052.06803407443,44030.624800044025,44047.15086797082,42.19551048105039
2024-03-08 19:00:00,44130.124087927514,44138.29902202922,44116.63194737238,44124.01184967493,308.1900393236423
2024-03-08 20:00:00,44115.74076818489,44140.24658934957,44103.98932848054,44128.08318030657,123.58276546001936
2024-03-08 21:00:00,44174.18756057482,44184.75181146318,44173.32523125905,44179.2496008139,264.8160663196303
2024-03-08 22:00:00,44213.10509895223,44219.440921446556,44192.23962563396,44208.33356985157,260.53079644102047
2024-03-08 23:00:00,44152.4778837706,44170.52453712948,44144.75117844153,44157.55217055212,31.67733808419094
2024-03-09 00:00:00,44117.05142071538,44121.21022633235,44104.45928060565,44118.93918061307,55.77830314398803
2024-03-09 01:00:00,44186.69031535046,44185.21360687766,44170.17178652013,44180.73682966794,103.04782383976301
2024-03-09 02:00:00,44164.02267840984,44172.38928870283,44132.869709069346,44160.65030974155,28.18430363992029
2024-03-09 03:00:00,44138.56594911739,44147.036887341186,44130.16465675932,44136.431401947026,188.80633190714696
2024-03-09 04:00:00,44076.41106895191,44110.39474100453,44062.65988245193,44079.124047186066,29.14868207847171
2024-03-09 05:00:00,44107.500480043826,44119.6586665531,44099.11556948109,44104.539991121674,199.62563286210275
2024-03-09 06:00:00,44227.30162483546,44233.38787139097,44206.757921378805,44228.29148627626,93.33020749720612
2024-03-09 07:00:00,44167.90195630041,44167.71362353353,44136.813423208376,44164.23951142101,48.88691647868609
2024-03-09 08:00:00,44161.717222620435,44177.488772001314,44134.66704308991,44165.692678821375,224.13685691206902
2024-03-09 09:00:00,44248.96536035126,44258.81910642564,44249.084982962326,44250.4259121463,64.88745057572523
2024-03-09 10:00:00,44237.72776633115,44288.1428830237,44239.00858927995,44245.64742867156,51.73780219416487
2024-03-09 11:00:00,44272.509675566485,44293.177578859,44272.673818048905,44272.78973644654,27.64428317189251
2024-03-09 12:00:00,44202.5581178487,44220.453716551485,44194.86644818919,44209.046124757726,46.01924602665721
2024-03-09 13:00:00,44225.83217898889,44260.88876354748,44226.456010398404,44234.744550590185,55.13095025269457
2024-03-09 14:00:00,44225.58518387276,44232.62942656661,44195.42080722596,44223.51589468992,80.22802804408063
2024-03-09 15:00:00,44284.36161263757,44306.18243087362,44251.992471072714,44282.65969443071,23.457992190634798
2024-03-09 16:00:00,44360.165847404176,44375.619803801455,44338.94443321301,44353.90285752459,57.796624586639865
2024-03-09 17:00:00,44505.82767148911,44523.35627638589,44493.39111921553,44509.27667604571,45.797938094545756
2024-03-09 18:00:00,44547.31908921322,44546.696352947925,44527.49886623269,44544.054666438526,154.8112744514914
2024-03-09 19:00:00,44568.008826011646,44564.84725671564,44557.83510861783,44563.602445433455,101.2392916850065
2024-03-09 20:00:00,44578.823693990744,44577.22939060498,44574.31465574757,44575.26550352809,43.14342117802288
2024-03-09 21:00:00,44547.470296497035,44570.99912270848,44546.83367409855,44554.07552595945,202.2106436782616
2024-03-09 22:00:00,44575.57946442532,44587.522192664575,44558.1308100205,44574.38455656715,70.43222348678738
2024-03-09 23:00:00,44559.57359432725,44568.74746678208,44551.65856156109,44556.660471958814,176.59552265485027
2024-03-10 00:00:00,44566.825558270255,44581.92224933753,44543.968850446276,44566.76813053499,92.83311300639654
2024-03-10 01:00:00,44629.132161404494,44646.48940450414,44613.78698494044,44645.82398267146,241.03028947178515
2024-03-10 02:00:00,44586.715345746474,44606.10843908649,44574.03462020039,44585.43142875469,176.58017159831954
2024-03-10 03:00:00,44671.52439073761,44663.89682552714,44641.231229052166,44653.82414242243,36.22114896112029
2024-03-10 04:00:00,44729.970732312766,44733.6727218679,44712.2669767137,44732.85104646282,26.234572508093354
2024-03-10 05:00:00,44719.942318060515,44739.603129616014,44723.6362676609,44725.766934843356,53.761801698749245
2024-03-10 06:00:00,44601.442429380535,44598.5660811242,44588.3620609227,44598.455640902845,61.39797943484809
2024-03-10 07:00:00,44564.48534736091,44584.16452573216,44552.04370528185,44561.98632167718,47.243463246673436
2024-03-10 08:00:00,44649.34787579418,44647.120495785166,44626.40816926274,44639.805994470844,91.0251279611711
2024-03-10 09:00:00,44628.370965485636,44659.97771870683,44628.805498890026,44638.43391073291,172.9126710481244
2024-03-10 10:00:00,44584.32681881581,44588.88462529308,44563.03033320072,44578.47577679521,33.63057363452604
2024-03-10 11:00:00,44552.91265801153,44558.93812161792,44540.929024667195,44548.189281521525,65.91006112669203
2024-03-10 12:00:00,44597.48931081627,44624.58042406906,44598.56539055498,44598.626483111795,130.99109788631287
2024-03-10 13:00:00,44634.13999574725,44651.43878338639,44630.81160241413,44631.43049720388,52.25309469783698
2024-03-10 14:00:00,44625.33023110648,44654.555798149995,44605.848389122126,44617.0945712537,42.45285201501103
2024-03-10 15:00:00,44602.06362958504,44595.77520234586,44564.86158805722,44595.085106544815,66.61095364130077
2024-03-10 16:00:00,44562.43546310559,44581.196331505555,44566.56471178388,44571.57961760218,143.27022650061548
2024-03-10 17:00:00,44522.79627202632,44558.59996539732,44511.88528621573,44516.235006532275,212.14174385738875
2024-03-10 18:00:00,44612.64003906018,44632.94207537497,44600.580038654676,44613.15754790044,95.07095630078717
2024-03-10 19:00:00,44594.40131253189,44594.1199167508,44582.68101808122,44593.81831974776,198.1570234251809
2024-03-10 20:00:00,44667.43340692531,44669.54216508677,44663.629766029524,44666.84783099729,143.16243468678755
2024-03-10 21:00:00,44756.92485020225,44778.30400841943,44704.11051754575,44758.12679411264,210.73295402740382
2024-03-10 22:00:00,44827.55910797837,44823.42153262842,44807.50610443964,44818.025448001514,54.06932704836571
2024-03-10 23:00:00,44791.45848555964,44799.60773767526,44778.99100686874,44792.128229238435,20.847548546099567
2024-03-11 00:00:00,44807.395665631564,44830.61980021445,44808.36028651879,44816.35203465863,67.70584358549337
2024-03-11 01:00:00,44811.75205942742,44820.02762557887,44802.81739803752,44814.90029827518,186.1421623309996
2024-03-11 02:00:00,44762.10774436585,44775.78209704554,44757.45147962881,44760.67818663137,138.52742191095194
2024-03-11 03:00:00,44789.973461809044,44780.857123331436,44757.00559411975,44780.139743534666,113.07276337251237
2024-03-11 04:00:00,44714.22211354467,44717.860298762986,44694.482083267845,44709.39735606508,113.57680108851204
2024-03-11 05:00:00,44773.85383714279,44803.06868627211,44767.12404837362,44780.65811937277,139.03115718643454
2024-03-11 06:00:00,44772.662600868294,44771.60826836049,44745.2829950787,44752.781081534864,245.9580136006072
2024-03-11 07:00:00,44766.968863375056,44772.31574873867,44756.70517669789,44764.850660887234,202.83173728018
2024-03-11 08:00:00,44792.051059084,44800.869985254634,44778.3394661732,44781.847933180004,22.176109220969813
2024-03-11 09:00:00,44765.09991928914,44768.83752177507,44763.37223659761,44766.31363475776,55.19413148058225
2024-03-11 10:00:00,44805.782136803915,44802.54083633579,44795.36998269008,44801.515262846275,78.16815775627086
2024-03-11 11:00:00,44779.73679148508,44799.218044332614,44764.06613962261,44773.02104344893,56.21581920755034
2024-03-11 12:00:00,44835.04443899039,44830.27359630325,44802.90383472971,44825.29888129636,323.64436023700273
2024-03-11 13:00:00,44752.99904692458,44760.24746401191,44742.13814838759,44744.54010048156,47.34710705190009
2024-03-11 14:00:00,44759.100451254926,44777.7883073922,44742.847466760446,44752.12287525434,47.69433825232666
2024-03-11 15:00:00,44865.93792134828,44876.318022878986,44846.62460800898,44868.45861519784,115.6384002576653
2024-03-11 16:00:00,44803.86476738585,44814.43723557314,44792.96392910287,44808.4387357215,34.868817982528526
2024-03-11 17:00:00,44770.4348975726,44778.95155404477,44746.640250949655,44767.77403749001,93.79534784561297
2024-03-11 18:00:00,44806.07353304827,44800.183024082995,44791.9350700444,44798.608508469544,164.4293665440152
2024-03-11 19:00:00,44807.60164977971,44818.57527650967,44796.62262446901,44809.38341538592,198.71411173282615
2024-03-11 20:00:00,44838.94259706805,44830.80363327111,44817.04327600993,44830.42122134234,49.5194406026841
2024-03-11 21:00:00,44871.393383115086,44863.02983125825,44843.07302663948,44859.7724491512,73.6044332970973
2024-03-11 22:00:00,44890.52516991231,44898.73129162717,44888.00020870964,44897.8557372649,90.44690415134427
2024-03-11 23:00:00,44957.742362151905,44973.495611750826,44949.51935424615,44964.43772778227,20.785838936544714
2024-03-12 00:00:00,44987.903846726746,44994.17493610063,44977.60044163775,44989.02684719799,85.09087634385222
2024-03-12 01:00:00,44977.012289266386,45005.83827450445,44970.05594707091,44974.551387920874,117.07566715109604
2024-03-12 02:00:00,45010.7092738829,45029.51170345583,44991.26767285051,45014.90580999304,206.9486518782028
2024-03-12 03:00:00,45139.716347517686,45133.38069279158,45128.18173733098,45128.89872608675,139.11537235753156
2024-03-12 04:00:00,45124.33323619594,45132.54253896429,45110.039089236285,45120.94070130379,181.39133444782067
2024-03-12 05:00:00,45062.784519409484,45090.94996774389,45049.30468267061,45062.46894302356,149.01236577401068
2024-03-12 06:00:00,45117.40650698983,45130.19903038666,45123.902993237,45128.89378318078,145.63061001282875
2024-03-12 07:00:00,45111.144386812135,45137.213066923185,45101.6736932164,45121.67091334356,101.35639650758341
2024-03-12 08:00:00,44993.55881458497,45004.161801904775,44987.60070112427,44991.31074058272,174.16733197009606
2024-03-12 09:00:00,45025.095276202504,45048.126764459375,45037.15758318689,45042.15604121174,59.72292010496967
2024-03-12 10:00:00,45018.13744933166,45015.95504983677,44990.54910274629,45010.036350054506,74.56452757001293
2024-03-12 11:00:00,45003.33912236128,45010.99068718603,44994.59113191071,45004.60435311626,27.939912145572166
2024-03-12 12:00:00,45050.46791670716,45031.28060880707,45013.81219618067,45024.5231729504,51.066501885524694
2024-03-12 13:00:00,45054.416483742076,45039.87952809046,45018.27686397369,45035.953153737144,147.89632536185098
2024-03-12 14:00:00,45077.068670211505,45086.85938454018,45074.02753720227,45078.52026276549,91.38252480766936
2024-03-12 15:00:00,45051.54038451104,45080.96524734145,45033.85553520055,45052.39108053129,93.58542709711958
2024-03-12 16:00:00,45091.14208053387,45089.68553036654,45080.596808032875,45083.177428421855,58.95436092775295
2024-03-12 17:00:00,45081.23000864616,45093.43695423394,45046.032089749635,45067.60462776682,48.52780734871833
2024-03-12 18:00:00,45098.82902416059,45123.43926845108,45109.4546558691,45111.933256620076,32.36938658370178
2024-03-12 19:00:00,45134.56430193802,45157.91288012326,45148.66747769591,45148.85530566086,22.877602281871155
2024-03-12 20:00:00,45087.75270509375,45099.44840361493,45068.17080886764,45092.72898353818,110.07521863721068
2024-03-12 21:00:00,45162.549811174074,45176.11000254701,45136.41758780286,45157.88791050868,55.94592934390306
2024-03-12 22:00:00,45129.7050925259,45158.85431544526,45106.44611709105,45125.73010380184,20.262030900444312
2024-03-12 23:00:00,45182.771743338584,45177.67236767656,45149.975874634205,45174.21357169871,185.0102279800502
2024-03-13 00:00:00,45186.653230275864,45198.28870186401,45190.66108770559,45196.25081050279,75.50395595760546
2024-03-13 01:00:00,45288.012680206746,45307.329407138575,45304.044434203766,45306.541831110495,66.52158548394158
2024-03-13 02:00:00,45299.99798573061,45295.30705059741,45269.99282665899,45293.13387216819,173.29239246144112
2024-03-13 03:00:00,45265.54929421737,45272.82047746385,45268.52273824404,45272.174864401095,158.78979819130876
2024-03-13 04:00:00,45254.86178513272,45286.35231012109,45264.94733065564,45271.00968804783,172.35359151198114
2024-03-13 05:00:00,45253.979411045446,45255.67559386671,45252.7919779846,45252.81890107777,169.41806911521027
2024-03-13 06:00:00,45307.16082070005,45309.42665385061,45299.04980391739,45300.8154151943,182.91435596601673
2024-03-13 07:00:00,45202.86032163113,45208.05366096142,45178.760359588174,45203.8367786881,37.22979064545613
2024-03-13 08:00:00,45136.95304644986,45149.30603493567,45099.9608588743,45140.61583353932,70.22174709884658
2024-03-13 09:00:00,45075.2727603874,45097.72806142272,45068.74959297304,45076.54765824457,79.5981262553896
2024-03-13 10:00:00,45130.60145166378,45142.988269850524,45130.415989142646,45133.56611376299,130.76537926721142
2024-03-13 11:00:00,45225.41853922238,45237.686922923334,45226.97545635372,45236.2029161179,68.73128226184005
2024-03-13 12:00:00,45224.218517589725,45235.01132463469,45219.29479829685,45229.93596300565,117.69839079171243
2024-03-13 13:00:00,45223.976898854366,45234.695329715185,45217.69835733172,45219.80665961425,159.82423999583463
2024-03-13 14:00:00,45226.58321773205,45224.31604690923,45214.54117235743,45224.00978940104,195.23629222510672
2024-03-13 15:00:00,45295.066966005266,45315.70759541767,45284.73072726271,45293.722487557534,42.55301317193077
2024-03-13 16:00:00,45230.120111651275,45264.61705406219,45232.295636898125,45238.0812995061,88.6965694135683
2024-03-13 17:00:00,45250.9314131731,45257.88463458857,45240.23508698384,45252.383438470184,98.11588145353298
2024-03-13 18:00:00,45293.47877588559,45316.6534173771,45289.60976208663,45310.895296257135,34.15773135288534
2024-03-13 19:00:00,45342.38875976461,45343.99515256784,45336.56066590868,45340.960946453524,158.83957467972368
2024-03-13 20:00:00,45363.76670511195,45352.604268104566,45341.38855301543,45352.335843449444,101.84897576285397
2024-03-13 21:00:00,45400.605551947134,45427.04460973343,45391.51979568828,45412.398609003474,158.2818366754311
2024-03-13 22:00:00,45245.51725003697,45250.88348595298,45249.87633910605,45250.20467142352,78.15542775200976
2024-03-13 23:00:00,45293.51004482506,45309.3737101706,45286.122910490616,45290.877190595376,37.21011568177714
2024-03-14 00:00:00,45261.655390683154,45272.49723497775,45239.48224103014,45251.63264960773,149.0780580289865
2024-03-14 01:00:00,45138.208878865946,45162.13423096924,45130.92175953934,45141.794675796344,60.389965455084194
2024-03-14 02:00:00,45166.928829133714,45175.40361083237,45171.65605682515,45172.466831767844,74.92214740148934
2024-03-14 03:00:00,45239.13495933829,45270.52041829833,45253.00311567786,45254.88634447762,145.60552565309166
2024-03-14 04:00:00,45247.466938634425,45255.19575120037,45232.298555324705,45246.63943359996,112.8269247448176
2024-03-14 05:00:00,45320.14851475329,45308.78337700136,45269.04735460203,45303.811906432136,79.48471358898797
2024-03-14 06:00:00,45402.76746960717,45408.32860270577,45379.43920025907,45400.548601911454,35.19968328171961
2024-03-14 07:00:00,45479.26523729303,45492.24149230227,45459.97191057119,45479.4434691265,86.13394880487544
2024-03-14 08:00:00,45580.41799937491,45578.28279976394,45558.127942253224,45577.84134088878,190.33198358540116
2024-03-14 09:00:00,45622.2802543215,45630.11865704213,45611.66999659114,45622.36899035309,122.893091545666
2024-03-14 10:00:00,45620.39089370911,45641.61489773495,45611.50553642498,45626.89500868719,43.78607932649842
2024-03-14 11:00:00,45537.36329929878,45551.84931413227,45521.66772474683,45530.777059973356,59.031139787549826
2024-03-14 12:00:00,45517.81940287046,45517.62143011617,45493.9955540106,45516.013310685565,37.825748431116665
2024-03-14 13:00:00,45465.559420982056,45470.201210299005,45464.96456910263,45465.41851496659,56.207966475036294
2024-03-14 14:00:00,45587.87214979823,45605.07159810327,45556.69273451534,45595.67507801646,131.96799268651824
2024-03-14 15:00:00,45595.549992726,45586.32055606046,45559.2610021075,45585.12192927052,27.62502854731249
2024-03-14 16:00:00,45597.83183964025,45595.590347766105,45582.1068658697,45592.514217677584,104.39045937151367
2024-03-14 17:00:00,45621.179973541075,45649.954078189134,45608.1054151967,45625.60334024001,232.85301586430222
2024-03-14 18:00:00,45636.234085851815,45656.54604111658,45614.84932849828,45628.21948702236,490.6880301942011
2024-03-14 19:00:00,45725.941982741126,45732.386179223686,45726.85721354852,45729.92254944821,54.054563340569615
2024-03-14 20:00:00,45686.30755980405,45703.02739229923,45688.20696551397,45692.56358774414,190.97187844657873
2024-03-14 21:00:00,45698.16241011854,45716.781410111675,45697.57785749207,45704.24003505838,45.49420432556673
2024-03-14 22:00:00,45645.52325149179,45664.31194844975,45647.455482616715,45659.691799916494,56.25164492295268
2024-03-14 23:00:00,45584.2627882866,45600.03312069613,45571.45334769902,45580.490449243254,210.48807228986442
2024-03-15 00:00:00,45529.13514476223,45550.565321362825,45528.18343542703,45543.78430378893,67.99958635323277
2024-03-15 01:00:00,45531.73454531591,45546.90170723182,45526.27904661003,45541.56209596603,39.903083215840724
2024-03-15 02:00:00,45499.19925842236,45516.24182005402,45512.38739780813,45515.80396249499,120.43893855604084
2024-03-15 03:00:00,45473.57014616023,45484.72831415451,45460.158464720706,45474.25870370256,64.21971042068465
2024-03-15 04:00:00,45388.67709220007,45408.36776055056,45384.087964240956,45389.87965588225,74.92123915861197
2024-03-15 05:00:00,45382.279751819035,45395.16069748372,45369.66500814731,45384.89332152453,148.57711163054717
2024-03-15 06:00:00,45286.269477525304,45301.469963298965,45292.99034027179,45294.61009908267,153.1700153465929
2024-03-15 07:00:00,45330.83558687656,45371.68677902225,45301.1105694568,45340.21345690405,58.78966250402747
2024-03-15 08:00:00,45348.87480098849,45347.23107710004,45342.25874657227,45345.15984208012,205.70837529635733
2024-03-15 09:00:00,45253.302336658555,45266.57379388108,45256.811373903525,45257.70675211222,44.473262901919405
2024-03-15 10:00:00,45241.68507406152,45240.75877953711,45237.561463697624,45239.15420748923,43.158757012751536
2024-03-15 11:00:00,45186.9428336648,45223.15850707514,45184.457692760894,45194.02482315379,221.17459542975953
2024-03-15 12:00:00,45214.62379572111,45239.383618783424,45212.30774459328,45213.17529377894,207.7968672130135
2024-03-15 13:00:00,45304.02854483886,45295.021636210375,45276.68550013366,45293.60232054033,92.1064611024575
2024-03-15 14:00:00,45185.78129876473,45205.475132865016,45179.38241233967,45181.09197236159,118.72189118889726
2024-03-15 15:00:00,45184.6942265647,45225.59211066849,45176.09164116219,45187.99353711044,60.23807076767693
2024-03-15 16:00:00,45180.44316113928,45182.8475001732,45164.50930006926,45178.385569376434,41.636606160500364
2024-03-15 17:00:00,45216.74065256722,45220.75844090567,45211.912945588476,45218.66597396346,134.7362843550247
2024-03-15 18:00:00,45231.520813135285,45235.73032572386,45230.349820141564,45231.457771657726,90.8982017709715
2024-03-15 19:00:00,45183.7347233362,45187.93252310399,45168.43581372125,45186.33961175339,169.40492098679078
2024-03-15 20:00:00,45165.881693966316,45213.67086712447,45147.0890459929,45167.1963756134,26.181103250471356
2024-03-15 21:00:00,45121.13157102978,45123.30745127566,45114.637430036855,45119.434824205186,65.0431635373368
2024-03-15 22:00:00,45176.04838292445,45191.64711793986,45181.83060222958,45183.995252521105,33.82259945317748
2024-03-15 23:00:00,45177.1469208255,45195.01442373563,45157.76836492698,45185.27395144142,161.97026182997183
2024-03-16 00:00:00,45288.23705215596,45303.77388121221,45286.84141834211,45299.345392586605,132.0572511289996
2024-03-16 01:00:00,45282.90357492169,45299.279248883555,45285.50741566168,45295.705743757724,80.38788614389955
2024-03-16 02:00:00,45243.463076205335,45259.35911498404,45241.26178213534,45253.2013377431,296.6764204840627
2024-03-16 03:00:00,45163.65417424076,45189.661952169336,45159.500131011,45162.37847418633,141.8697655580654
2024-03-16 04:00:00,45047.047793487036,45071.847868058736,45051.78169946845,45054.190093610974,118.70875054405766
2024-03-16 05:00:00,44963.25085274449,44961.193136741625,44950.81264549163,44959.14193703064,177.38527592444015
2024-03-16 06:00:00,44975.44724608135,45009.732715130485,44968.75009669304,44975.16953609133,38.88158812076932
2024-03-16 07:00:00,44989.945003777626,45011.10817583392,44979.84691672044,45005.69303748513,137.18079068757976
2024-03-16 08:00:00,44916.06140003697,44951.36700882927,44886.23274761207,44910.821595363195,268.65621393157846
2024-03-16 09:00:00,44971.010283372496,44967.98381920736,44935.68231762683,44964.52389420776,44.59189690899294
2024-03-16 10:00:00,44927.589329708084,44952.08849468757,44926.88414834923,44935.54023110676,87.58516808511443
2024-03-16 11:00:00,44947.70934416905,44965.97694785518,44941.67746247494,44944.34781182589,104.23487579541462
2024-03-16 12:00:00,45034.22906362194,45044.365508259056,45038.753719378234,45041.08104952121,66.2255182711225
2024-03-16 13:00:00,45095.67277148714,45107.518732951175,45088.917162970014,45094.89140847315,154.48228477071143
2024-03-16 14:00:00,45068.663582343164,45115.30925457554,45077.01574015049,45078.7795695988,35.99344582749866
2024-03-16 15:00:00,45010.963184453605,45035.57048420302,45023.0369251328,45025.30803607388,44.658371307202415
2024-03-16 16:00:00,44893.13657447722,44908.42045203647,44887.51483563389,44896.19911199412,33.717050367109735
2024-03-16 17:00:00,44852.060081269374,44855.69216961789,44839.6043996222,44853.049912839575,20.2164207627697
2024-03-16 18:00:00,44837.200660960996,44859.12940360376,44833.651663270626,44840.382098509916,150.72111652545274
2024-03-16 19:00:00,44771.67908241507,44785.129889987904,44777.637437913996,44781.15132688085,153.01335220674713
2024-03-16 20:00:00,44770.07671635826,44773.78169467882,44764.29096373004,44773.27590885531,55.42344417906032
2024-03-16 21:00:00,44780.04137985349,44781.9159255485,44765.08678717274,44777.88702183284,67.38577880030931
2024-03-16 22:00:00,44764.036518683366,44781.11799573463,44756.982812578346,44764.39566292435,116.78115548306987
2024-03-16 23:00:00,44726.85551631974,44743.34917230636,44721.1378395654,44725.395508074944,75.10644775870887
2024-03-17 00:00:00,44730.15386678931,44744.46821016393,44721.07724951365,44735.514788392946,41.13610372529341
2024-03-17 01:00:00,44771.40497068484,44787.14826927391,44744.547303939944,44762.03122736711,204.09496321386217
2024-03-17 02:00:00,44687.197896028105,44698.242634019996,44695.72478990857,44696.60728272054,222.5641190237214
2024-03-17 03:00:00,44785.16370788201,44781.778855140714,44777.94924963122,44781.26322550532,92.08975167662814
2024-03-17 04:00:00,44784.803066311935,44777.756779065836,44772.48107406071,44775.34793756826,82.70249197308681
2024-03-17 05:00:00,44780.32617968694,44796.91090100023,44759.23330285149,44776.47891494495,98.3764867915929
2024-03-17 06:00:00,44817.35158652383,44822.51851289139,44816.067637674816,44818.97178034035,142.2566237108856
2024-03-17 07:00:00,44828.73837184285,44834.75904258168,44821.79595223906,44832.96474821615,117.76227838852041
2024-03-17 08:00:00,44898.441647459316,44906.700711969446,44880.5237393093,44890.15294625095,74.64109077743751
2024-03-17 09:00:00,44895.99659676096,44919.68869870637,44903.3263820976,44907.380396163055,62.463075538412454
2024-03-17 10:00:00,44862.87315960159,44873.3987896458,44867.368380668326,44870.63415368463,279.8625742647868
2024-03-17 11:00:00,44889.14390307306,44898.62478110641,44879.95461009264,44892.324365197,146.5544754184782
2024-03-17 12:00:00,44833.60202281785,44852.27091315974,44813.148410534384,44823.70079275776,142.97289347380735
2024-03-17 13:00:00,44833.252516192675,44851.88055803017,44829.0470535623,44830.21437510435,160.22964371280577
2024-03-17 14:00:00,44820.476209597604,44846.63577513253,44824.08130389024,44828.220575665684,139.85850432008593
2024-03-17 15:00:00,44813.251102586255,44824.60273436988,44810.307706687934,44815.73356422933,166.6837537984687
2024-03-17 16:00:00,44803.10672839022,44813.396481209136,44807.077905539496,44808.021313542995,152.8244349840868
2024-03-17 17:00:00,44689.43205887527,44713.05873974239,44688.39220613916,44695.110370813134,180.14073600054053
2024-03-17 18:00:00,44670.017992817135,44684.58952302248,44652.31473080864,44662.18687634868,85.66301466589891
2024-03-17 19:00:00,44656.78362538304,44699.61678415765,44661.8283171969,44667.75757041715,170.16274186871442
2024-03-17 20:00:00,44690.21920078286,44688.16390823058,44653.45449249658,44677.34895393699,71.71954402637756
2024-03-17 21:00:00,44622.3142830029,44623.866239152325,44593.71028792921,44615.68844548143,48.632663805755286
2024-03-17 22:00:00,44700.35780929814,44735.53996732041,44678.25776358549,44691.63091593331,52.20959284334746
2024-03-17 23:00:00,44635.95690894424,44654.5757510249,44638.614860999005,44639.66042504044,50.114122485445165
2024-03-18 00:00:00,44696.628331319414,44711.64962242349,44688.06800775201,44697.82785707205,119.38166766482098
2024-03-18 01:00:00,44711.994304268155,44731.940413338634,44718.559805336525,44723.45951878435,102.27876710164531
2024-03-18 02:00:00,44680.488580937184,44688.332900020796,44654.64946817905,44684.68588019372,96.70322405001897
2024-03-18 03:00:00,44795.15377253144,44798.25758383207,44786.59096249356,44791.20453375029,38.75316040460517
2024-03-18 04:00:00,44729.954828339156,44728.771307054936,44714.18293328874,44719.5863238449,102.4128884604026
2024-03-18 05:00:00,44765.87831972708,44789.41440011133,44766.61575485138,44774.735574261504,97.01856847332097
2024-03-18 06:00:00,44831.846465848204,44855.494389121035,44819.76107275683,44834.77051334408,88.3221708297365
2024-03-18 07:00:00,44793.322907037626,44821.506521890624,44781.706868683345,44794.533300799485,91.00016596317572
2024-03-18 08:00:00,44866.914905185804,44911.4348313224,44859.990883232225,44878.081218803345,122.92798119260233
2024-03-18 09:00:00,44867.80922186148,44870.849463219536,44849.78886691894,44863.07842792741,66.17504283248849
2024-03-18 10:00:00,44874.60812303026,44884.914750370095,44837.64959404444,44880.4000456842,86.6890613651471
2024-03-18 11:00:00,44894.456233201054,44905.49091142271,44887.850619998564,44896.01935601047,266.491092972317
2024-03-18 12:00:00,44884.34523654694,44906.61191848004,44857.147923903394,44887.960831522236,92.6485405715296
2024-03-18 13:00:00,44930.294619866065,44955.02978105594,44934.39201682627,44936.60932791182,76.7167715588014
2024-03-18 14:00:00,44984.16229126111,44989.24069595662,44962.97461825485,44984.218651144954,83.69619004072754
2024-03-18 15:00:00,44877.581856122124,44906.21554944854,44869.66508700717,44879.306732750665,148.78283288804593
2024-03-18 16:00:00,44954.59228426512,44966.06772394418,44950.683994647974,44957.56714732335,33.87160864158896
2024-03-18 17:00:00,44851.98993506777,44866.81494894997,44842.55385638301,44857.817628041215,23.57197860036821
2024-03-18 18:00:00,44922.326597667976,44929.62742473588,44906.86766072579,44919.77040030171,58.59014484473074
2024-03-18 19:00:00,45000.60164665931,44997.838492069845,44975.21880784574,44987.37270851137,33.9809662971045
2024-03-18 20:00:00,44923.03382056117,44931.71666613433,44904.58294579119,44921.91472269846,65.5639612900535
2024-03-18 21:00:00,44905.23481114047,44903.06398965965,44886.38964975447,44897.265865421185,57.37606338790419
2024-03-18 22:00:00,44819.8018099108,44840.45670179426,44808.021395358366,44830.923585312026,27.033070084615126
2024-03-18 23:00:00,44819.29041500905,44821.15316112408,44789.48995041625,44818.0283234947,167.33942792683905
2024-03-19 00:00:00,44790.767319891784,44804.951797182126,44756.568086097264,44799.546266443554,58.388873360349656
2024-03-19 01:00:00,44834.510498959455,44859.98557468745,44832.79600863806,44846.32589837971,186.9000257811972
2024-03-19 02:00:00,44919.029451887225,44944.010403037,44882.58111675097,44924.944423146895,58.257000755390706
2024-03-19 03:00:00,45018.2206464696,45023.3863863219,45003.37235596666,45008.68545179429,22.510524485969228
2024-03-19 04:00:00,44982.55549682895,44999.22237940682,44966.06838836888,44974.95537019959,247.5347931505216
2024-03-19 05:00:00,44964.34609555135,44968.11372884539,44957.49597215175,44962.40205777492,183.3001973961295
2024-03-19 06:00:00,44849.134161762544,44873.65688825788,44852.66484623027,44861.395766241665,153.13466665354636
2024-03-19 07:00:00,44811.47331704079,44817.862934313256,44807.057900142194,44813.04356225189,225.5253693531527
2024-03-19 08:00:00,44873.34826030896,44906.989689254246,44851.13350242168,44870.93466023774,25.51531232587206
2024-03-19 09:00:00,44969.27391948726,44988.75646877288,44964.28834061968,44967.86962965063,49.10996435477526
2024-03-19 10:00:00,44879.05834866999,44903.893098458444,44874.52496382241,44893.80869733784,163.9045190114772
2024-03-19 11:00:00,44851.13829900451,44880.767990026114,44857.4049224172,44858.260841788666,73.72355196740142
2024-03-19 12:00:00,44856.163874257945,44878.85815322883,44854.55255957003,44856.67649637113,85.33518434329548
2024-03-19 13:00:00,44877.77649317645,44898.57015446177,44866.357286829545,44873.48616590031,151.33932330018754
2024-03-19 14:00:00,44807.340932136205,44835.97065325748,44807.35003026524,44824.90995470501,36.833070266051394
2024-03-19 15:00:00,44849.056625569014,44862.86639010384,44825.525246690006,44850.35361737285,60.261899843967925
2024-03-19 16:00:00,44823.06764670763,44855.914037960836,44813.155395771035,44821.923256548595,50.71725757025253
2024-03-19 17:00:00,44827.853016204026,44826.31779337992,44817.034033207274,44821.0561202959,154.31002906647726
2024-03-19 18:00:00,44859.37603585002,44857.24896939866,44851.33360674644,44853.83317517612,170.23369454157887
2024-03-19 19:00:00,44858.87908191525,44864.950907816325,44838.319258818345,44854.21851136478,129.8988537917125
2024-03-19 20:00:00,44821.63583387957,44849.021534355954,44810.12255816201,44828.035357933186,63.581067047937935
2024-03-19 21:00:00,44806.19475260064,44844.26307158124,44806.26910307598,44821.45876969763,45.97024539660454
2024-03-19 22:00:00,44813.012570088824,44822.92143166696,44787.12554274961,44816.15699214531,36.37065803331392
2024-03-19 23:00:00,44801.96938495405,44809.05728142079,44785.71894622593,44793.95633035238,113.3970263607804
2024-03-20 00:00:00,44789.576202812554,44801.99585185913,44758.47208142668,44778.42856659236,73.21153018820428
2024-03-20 01:00:00,44880.03178964102,44890.570108117136,44872.538588995536,44874.34739682264,52.432444120953086
2024-03-20 02:00:00,44911.43729028153,44908.56569132142,44887.900690264294,44908.00256369912,213.54420448485536
2024-03-20 03:00:00,44893.31086180445,44906.65082470348,44882.98856344874,44890.27374461736,133.5941969996524
2024-03-20 04:00:00,44927.64205891392,44933.144314310775,44909.773083335655,44932.09100888801,132.15856488039483
2024-03-20 05:00:00,44911.02135715422,44949.896008264965,44895.184047976676,44912.06183950265,64.39107356052683
2024-03-20 06:00:00,44995.80187396446,44984.72882849259,44976.61703410389,44982.44931775785,154.07924107174816
2024-03-20 07:00:00,44997.087385243394,45020.5300065698,44987.01974939514,45004.62784928973,24.97893254928551
2024-03-20 08:00:00,45011.10795097516,45011.59591093573,44981.500206071425,44998.189720649476,136.4586151536056
2024-03-20 09:00:00,45022.47651096216,45030.87221073171,45023.98593183564,45025.05273619809,170.99175552407453
2024-03-20 10:00:00,44941.403623946746,44933.44216962725,44929.51624651482,44930.80016707398,96.38638482479172
2024-03-20 11:00:00,44851.93959886342,44906.686827137426,44859.01852442528,44863.1941189394,298.71310703153193
2024-03-20 12:00:00,44796.24585216477,44816.628832187016,44779.9659009773,44791.55861855546,147.41799751876783
2024-03-20 13:00:00,44794.24104315369,44813.655839439736,44788.38780592462,44800.13520424128,189.6834962674385
2024-03-20 14:00:00,44892.76396667498,44911.672135697474,44899.060288931694,44904.08610421038,46.200650053059285
2024-03-20 15:00:00,45039.712385321225,45039.26463002416,45029.49227639332,45037.964112981936,136.15183385179876
2024-03-20 16:00:00,45084.32295337715,45095.111464913774,45073.06583401958,45076.247179068385,106.14238572248426
2024-03-20 17:00:00,45099.53831605631,45112.38868940147,45098.16480246142,45106.29784756505,115.50365748094717
2024-03-20 18:00:00,44986.24225583222,45001.7582475887,44993.16621688378,44998.23438351589,98.52657608729159
2024-03-20 19:00:00,44964.93919741717,44979.076681919636,44965.640481199414,44965.67395553185,54.789340884519554
2024-03-20 20:00:00,44917.707447787136,44930.374690938086,44914.28727417686,44918.40693041735,177.9208903662198
2024-03-20 21:00:00,44885.542631542725,44909.25769408161,44874.297796432504,44881.15607452229,84.65418054168663
2024-03-20 22:00:00,44878.664201978114,44880.75580171134,44860.730768441375,44871.0674454072,42.44690197683951
2024-03-20 23:00:00,44842.26668929519,44859.227682018696,44835.72665918749,44842.74201074537,31.45544496299559
2024-03-21 00:00:00,44738.828048641175,44742.76827705217,44704.324933430624,44723.98402212282,143.55331653072807
2024-03-21 01:00:00,44770.652515446156,44771.27813062981,44751.29210791483,44768.85863748987,47.231833256029745
2024-03-21 02:00:00,44701.72264389743,44714.15591246323,44685.6455759063,44704.494055945484,226.27164955446165
2024-03-21 03:00:00,44705.95632891933,44720.078699999525,44699.51082202105,44718.848867792156,145.6345441313851
2024-03-21 04:00:00,44841.19255181462,44869.57948440427,44838.521450452885,44843.293827977155,25.59648398791589
2024-03-21 05:00:00,44785.43965691868,44801.0416899329,44779.11975725479,44788.13075248197,82.50714846845159
2024-03-21 06:00:00,44643.995939487446,44646.399341181364,44622.72027113648,44636.31350111719,120.12483347541459
2024-03-21 07:00:00,44622.85311679691,44621.653085064776,44617.02354909627,44619.15324780438,48.149483554302506
2024-03-21 08:00:00,44675.77587293123,44702.92567448388,44680.50497816084,44685.210825904294,102.59116529268962
2024-03-21 09:00:00,44804.089708248815,44808.76079160309,44780.44260127874,44802.71167315753,85.72867744850727
2024-03-21 10:00:00,44734.310946864214,44743.439225850925,44719.81468999522,44728.93869749038,104.66455367341531
2024-03-21 11:00:00,44770.964901759675,44770.681612950386,44738.551625767,44758.740650884574,121.52476071531613
2024-03-21 12:00:00,44737.92205521709,44732.36578433563,44728.20230429255,44730.82202347778,98.82784475835768
2024-03-21 13:00:00,44730.55189545402,44759.175783209525,44704.0626002571,44724.465122219524,106.68168855380354
2024-03-21 14:00:00,44883.60641099747,44908.227351324895,44880.28032063876,44883.125723040546,27.189172889540426
2024-03-21 15:00:00,44796.05399938022,44799.5737043825,44780.203735371135,44792.947503336836,34.85055710291325
2024-03-21 16:00:00,44818.16792223217,44826.57740198225,44774.89333353725,44808.171883026516,57.44745580720861
2024-03-21 17:00:00,44825.5712541526,44859.94253244458,44799.95180664273,44836.23347333244,122.99245162182461
2024-03-21 18:00:00,44898.58513821106,44920.049130234125,44878.94877915015,44901.3806528288,171.55555242407874
2024-03-21 19:00:00,44901.079092047,44940.73212570247,44902.99025947325,44907.259642037054,249.33911903125852
2024-03-21 20:00:00,44928.77589935711,44945.55584973796,44896.161339007645,44925.7426744073,88.09367374740219
2024-03-21 21:00:00,44912.0855377672,44913.81478728555,44897.92333483741,44902.24376036199,236.18340893986232
2024-03-21 22:00:00,44913.61558254293,44918.40802600701,44896.73249363059,44918.3913768367,262.66089201048544
2024-03-21 23:00:00,44878.6774053671,44920.96634803058,44891.127037243496,44897.799840306856,239.7412562679065
2024-03-22 00:00:00,44931.796387738024,44942.487413276,44928.92066791076,44935.09415369822,43.157764131282754
2024-03-22 01:00:00,44920.225323391736,44925.421581608156,44898.79648600057,44912.9175335356,233.85380983817947
2024-03-22 02:00:00,44939.844596393326,44944.56045545977,44918.72905181551,44935.54355716973,301.1646921982209
2024-03-22 03:00:00,44937.213278331124,44951.276536152465,44921.70416780654,44933.787788348636,93.68457938592934
2024-03-22 04:00:00,44999.11085697997,45026.3522544968,44986.71345333564,45001.35080339496,43.768835617923216
2024-03-22 05:00:00,44988.03493408989,45020.688522176395,44998.13431442462,44998.26717997965,176.07504812671505
2024-03-22 06:00:00,44896.00758646023,44893.93419282107,44870.65237088353,44891.88523188724,124.13665514509348
2024-03-22 07:00:00,44960.9262674498,44967.981301099666,44952.93243784691,44967.60052193008,47.28860947899447
2024-03-22 08:00:00,44930.72935774536,44924.00518620468,44909.20101289128,44913.25658387832,126.781372512937
2024-03-22 09:00:00,44878.594661226234,44886.174520098975,44853.1839014115,44874.0306035594,135.2935469893868
2024-03-22 10:00:00,44833.64573949636,44846.254340630025,44818.01033542717,44838.29092591679,50.49532244857225
2024-03-22 11:00:00,44915.86612952792,44933.629297571046,44889.266098699496,44920.757211507036,103.64611746076719
2024-03-22 12:00:00,44791.8732050154,44794.46380519859,44791.99803673362,44792.61675866831,67.02575146947015
2024-03-22 13:00:00,44978.96565531173,44989.92037470758,44948.49485336886,44980.88167068791,144.15175515279856
2024-03-22 14:00:00,45053.17974943611,45050.92983377732,45042.8753583027,45044.24507923187,98.08011545505035
2024-03-22 15:00:00,45059.13074343758,45088.446694430924,45051.93257551713,45057.639414079626,71.10931605216936
2024-03-22 16:00:00,45048.49272013138,45066.533960594476,45044.88889722987,45054.345774042646,148.4799687428214
2024-03-22 17:00:00,45086.60254401535,45103.05847997598,45046.922782414214,45071.479018534104,114.11851643603069
2024-03-22 18:00:00,45103.14083088903,45103.269683443206,45091.04420601605,45102.74636423687,102.61951694738798
2024-03-22 19:00:00,45147.61001680162,45162.0919627374,45130.430259744244,45141.45929939387,48.140904217506915
2024-03-22 20:00:00,45169.92975529452,45195.31675761141,45166.40810982819,45174.79556735408,210.69767619637486
2024-03-22 21:00:00,45183.07533325134,45182.05892905531,45173.26580679077,45180.17040822939,80.13551312774916
2024-03-22 22:00:00,45170.818982940094,45181.096964486656,45152.87635760141,45168.33010301095,78.3957425827123
2024-03-22 23:00:00,45144.13651165497,45177.611544769876,45153.5531532974,45159.25370599174,21.224672046911923
2024-03-23 00:00:00,45163.68141005426,45152.62854248275,45141.487278479275,45147.55920917058,27.60600711652618
2024-03-23 01:00:00,45225.910570669985,45224.4690276548,45198.59334452498,45215.585414982605,107.40683758900519
2024-03-23 02:00:00,45248.021255790285,45265.83451898449,45227.23785892113,45251.198818319455,129.51058378131518
2024-03-23 03:00:00,45065.95734231595,45074.786832851416,45065.105153190336,45074.7755002396,104.16678725713992
2024-03-23 04:00:00,45116.910039741815,45124.41741411051,45104.30800019702,45114.129546831384,121.43279564505147
2024-03-23 05:00:00,45126.50730010983,45158.11967712138,45118.15459102504,45125.81371851451,92.45377634635504
2024-03-23 06:00:00,45127.53654471626,45131.3959188829,45123.49246417166,45124.69119312776,201.8381713188562
2024-03-23 07:00:00,45102.91270511197,45110.9588733196,45096.56613501354,45101.38008594242,85.01278832139222
2024-03-23 08:00:00,45172.87677705604,45193.62649369927,45154.00886048949,45168.82684914159,220.91249192853562
2024-03-23 09:00:00,45237.25688246409,45235.02474708729,45214.83286777526,45225.678436868955,128.11053422649832
2024-03-23 10:00:00,45183.85060244057,45182.90364298728,45178.023076854945,45179.30577679954,141.52226760421914
2024-03-23 11:00:00,45195.33167003574,45211.023563927265,45177.993289247446,45203.728914027015,231.19506585791004
2024-03-23 12:00:00,45156.330012776234,45160.406122747685,45131.49561271763,45145.429509954534,73.49543765921804
2024-03-23 13:00:00,45075.777336575105,45087.00127042512,45055.09048996242,45062.6524200672,80.44668041953443
2024-03-23 14:00:00,45050.2658404679,45054.91994286806,45023.956521259184,45025.0493865918,83.11247363055806
2024-03-23 15:00:00,45067.80504266885,45082.68669759299,45048.453813002205,45076.79299493477,49.26691299445412
2024-03-23 16:00:00,45135.923553762535,45157.83655118594,45130.407928065244,45133.980497657336,163.15680452229643
2024-03-23 17:00:00,45148.10883323765,45173.30284584325,45152.15404451469,45164.76562286317,67.12714861109811
2024-03-23 18:00:00,45212.69656332508,45220.22807356742,45204.96190800944,45208.27137007405,64.57544253052225
2024-03-23 19:00:00,45234.85646491561,45239.85593853188,45233.96075108914,45239.24206730095,233.11786963542713
2024-03-23 20:00:00,45216.14073794617,45207.27728716309,45195.88179799457,45200.75317158757,137.71360724160434
2024-03-23 21:00:00,45220.47160450786,45232.578324486654,45217.96000896247,45226.66852426801,112.49763567369072
2024-03-23 22:00:00,45261.17963147793,45282.759618637196,45256.554636073306,45274.693095781666,192.03500237851355
2024-03-23 23:00:00,45316.18046564486,45324.54641780158,45319.58627813543,45319.95057557048,42.97408591488231
2024-03-24 00:00:00,45375.48147568922,45406.25997948833,45366.70096994496,45391.28537785896,99.46025047369996
2024-03-24 01:00:00,45439.79240432708,45441.5655039528,45420.163268752985,45433.783608691025,199.83625965790543
2024-03-24 02:00:00,45438.34983677347,45467.823424781345,45444.25890797134,45454.87050114352,163.30573796167903
2024-03-24 03:00:00,45519.30717609197,45521.651555206365,45485.93168045628,45519.07951544251,176.13224756289114
2024-03-24 04:00:00,45500.865745328716,45534.77796143649,45512.58332218851,45517.48823988756,259.80139605735513
2024-03-24 05:00:00,45462.013378377604,45482.83681771635,45452.04889325431,45464.575760813896,104.63800686990179
2024-03-24 06:00:00,45467.93876822371,45461.81099930925,45429.998047208814,45454.79174297727,79.49186876186124
2024-03-24 07:00:00,45412.98276742038,45427.65179488484,45378.93092051091,45410.09758428889,97.32661442458186
